file,line,type,commit,author,date,time,timezone,datetime,depth,length
style.css,1,css,f788d9de,Igosain08,2025-04-25,20:51:50,-07:00,2025-04-25T20:51:50-07:00,0,0
style.css,2,css,f788d9de,Igosain08,2025-04-25,20:51:50,-07:00,2025-04-25T20:51:50-07:00,0,5
style.css,3,css,f788d9de,Igosain08,2025-04-25,20:51:50,-07:00,2025-04-25T20:51:50-07:00,0,24
style.css,4,css,f788d9de,Igosain08,2025-04-25,20:51:50,-07:00,2025-04-25T20:51:50-07:00,0,24
style.css,5,css,f788d9de,Igosain08,2025-04-25,20:51:50,-07:00,2025-04-25T20:51:50-07:00,0,17
style.css,6,css,f788d9de,Igosain08,2025-04-25,20:51:50,-07:00,2025-04-25T20:51:50-07:00,0,0
style.css,7,css,f788d9de,Igosain08,2025-04-25,20:51:50,-07:00,2025-04-25T20:51:50-07:00,0,0
style.css,8,css,f788d9de,Igosain08,2025-04-25,20:51:50,-07:00,2025-04-25T20:51:50-07:00,0,5
style.css,9,css,f788d9de,Igosain08,2025-04-25,20:51:50,-07:00,2025-04-25T20:51:50-07:00,0,24
style.css,10,css,f788d9de,Igosain08,2025-04-25,20:51:50,-07:00,2025-04-25T20:51:50-07:00,0,16
style.css,11,css,f788d9de,Igosain08,2025-04-25,20:51:50,-07:00,2025-04-25T20:51:50-07:00,0,43
style.css,12,css,f788d9de,Igosain08,2025-04-25,20:51:50,-07:00,2025-04-25T20:51:50-07:00,0,20
style.css,13,css,f788d9de,Igosain08,2025-04-25,20:51:50,-07:00,2025-04-25T20:51:50-07:00,0,24
style.css,14,css,f788d9de,Igosain08,2025-04-25,20:51:50,-07:00,2025-04-25T20:51:50-07:00,0,17
style.css,15,css,f788d9de,Igosain08,2025-04-25,20:51:50,-07:00,2025-04-25T20:51:50-07:00,0,0
style.css,16,css,f788d9de,Igosain08,2025-04-25,20:51:50,-07:00,2025-04-25T20:51:50-07:00,0,0
style.css,17,css,f788d9de,Igosain08,2025-04-25,20:51:50,-07:00,2025-04-25T20:51:50-07:00,0,6
style.css,18,css,f788d9de,Igosain08,2025-04-25,20:51:50,-07:00,2025-04-25T20:51:50-07:00,0,32
style.css,19,css,f788d9de,Igosain08,2025-04-25,20:51:50,-07:00,2025-04-25T20:51:50-07:00,0,33
style.css,20,css,f788d9de,Igosain08,2025-04-25,20:51:50,-07:00,2025-04-25T20:51:50-07:00,0,0
style.css,21,css,f788d9de,Igosain08,2025-04-25,20:51:50,-07:00,2025-04-25T20:51:50-07:00,0,0
style.css,22,css,f788d9de,Igosain08,2025-04-25,20:51:50,-07:00,2025-04-25T20:51:50-07:00,0,4
style.css,23,css,f788d9de,Igosain08,2025-04-25,20:51:50,-07:00,2025-04-25T20:51:50-07:00,0,13
style.css,24,css,f788d9de,Igosain08,2025-04-25,20:51:50,-07:00,2025-04-25T20:51:50-07:00,0,11
style.css,25,css,f788d9de,Igosain08,2025-04-25,20:51:50,-07:00,2025-04-25T20:51:50-07:00,0,19
style.css,26,css,f788d9de,Igosain08,2025-04-25,20:51:50,-07:00,2025-04-25T20:51:50-07:00,0,40
style.css,27,css,f788d9de,Igosain08,2025-04-25,20:51:50,-07:00,2025-04-25T20:51:50-07:00,0,44
style.css,28,css,f788d9de,Igosain08,2025-04-25,20:51:50,-07:00,2025-04-25T20:51:50-07:00,0,0
style.css,29,css,f788d9de,Igosain08,2025-04-25,20:51:50,-07:00,2025-04-25T20:51:50-07:00,0,0
style.css,30,css,f788d9de,Igosain08,2025-04-25,20:51:50,-07:00,2025-04-25T20:51:50-07:00,0,6
style.css,31,css,f788d9de,Igosain08,2025-04-25,20:51:50,-07:00,2025-04-25T20:51:50-07:00,0,7
style.css,32,css,f788d9de,Igosain08,2025-04-25,20:51:50,-07:00,2025-04-25T20:51:50-07:00,0,18
style.css,33,css,f788d9de,Igosain08,2025-04-25,20:51:50,-07:00,2025-04-25T20:51:50-07:00,0,21
style.css,34,css,f788d9de,Igosain08,2025-04-25,20:51:50,-07:00,2025-04-25T20:51:50-07:00,0,14
style.css,35,css,f788d9de,Igosain08,2025-04-25,20:51:50,-07:00,2025-04-25T20:51:50-07:00,0,14
style.css,36,css,f788d9de,Igosain08,2025-04-25,20:51:50,-07:00,2025-04-25T20:51:50-07:00,0,25
style.css,37,css,f788d9de,Igosain08,2025-04-25,20:51:50,-07:00,2025-04-25T20:51:50-07:00,0,0
style.css,38,css,f788d9de,Igosain08,2025-04-25,20:51:50,-07:00,2025-04-25T20:51:50-07:00,0,0
style.css,39,css,f788d9de,Igosain08,2025-04-25,20:51:50,-07:00,2025-04-25T20:51:50-07:00,0,14
style.css,40,css,f788d9de,Igosain08,2025-04-25,20:51:50,-07:00,2025-04-25T20:51:50-07:00,0,46
style.css,41,css,f788d9de,Igosain08,2025-04-25,20:51:50,-07:00,2025-04-25T20:51:50-07:00,0,21
style.css,42,css,f788d9de,Igosain08,2025-04-25,20:51:50,-07:00,2025-04-25T20:51:50-07:00,0,17
style.css,43,css,f788d9de,Igosain08,2025-04-25,20:51:50,-07:00,2025-04-25T20:51:50-07:00,0,0
style.css,44,css,f788d9de,Igosain08,2025-04-25,20:51:50,-07:00,2025-04-25T20:51:50-07:00,0,0
style.css,45,css,f788d9de,Igosain08,2025-04-25,20:51:50,-07:00,2025-04-25T20:51:50-07:00,0,12
style.css,46,css,f788d9de,Igosain08,2025-04-25,20:51:50,-07:00,2025-04-25T20:51:50-07:00,0,46
style.css,47,css,f788d9de,Igosain08,2025-04-25,20:51:50,-07:00,2025-04-25T20:51:50-07:00,0,70
style.css,48,css,f788d9de,Igosain08,2025-04-25,20:51:50,-07:00,2025-04-25T20:51:50-07:00,0,0
style.css,49,css,f788d9de,Igosain08,2025-04-25,20:51:50,-07:00,2025-04-25T20:51:50-07:00,0,0
style.css,50,css,f788d9de,Igosain08,2025-04-25,20:51:50,-07:00,2025-04-25T20:51:50-07:00,0,29
style.css,51,css,f788d9de,Igosain08,2025-04-25,20:51:50,-07:00,2025-04-25T20:51:50-07:00,0,5
style.css,52,css,f788d9de,Igosain08,2025-04-25,20:51:50,-07:00,2025-04-25T20:51:50-07:00,0,8
style.css,53,css,f788d9de,Igosain08,2025-04-25,20:51:50,-07:00,2025-04-25T20:51:50-07:00,0,7
style.css,54,css,f788d9de,Igosain08,2025-04-25,20:51:50,-07:00,2025-04-25T20:51:50-07:00,0,13
style.css,55,css,f788d9de,Igosain08,2025-04-25,20:51:50,-07:00,2025-04-25T20:51:50-07:00,0,0
style.css,56,css,f788d9de,Igosain08,2025-04-25,20:51:50,-07:00,2025-04-25T20:51:50-07:00,0,0
style.css,57,css,f788d9de,Igosain08,2025-04-25,20:51:50,-07:00,2025-04-25T20:51:50-07:00,0,45
style.css,58,css,f788d9de,Igosain08,2025-04-25,20:51:50,-07:00,2025-04-25T20:51:50-07:00,0,5
style.css,59,css,f788d9de,Igosain08,2025-04-25,20:51:50,-07:00,2025-04-25T20:51:50-07:00,0,13
style.css,60,css,f788d9de,Igosain08,2025-04-25,20:51:50,-07:00,2025-04-25T20:51:50-07:00,0,31
style.css,61,css,f788d9de,Igosain08,2025-04-25,20:51:50,-07:00,2025-04-25T20:51:50-07:00,0,8
style.css,62,css,f788d9de,Igosain08,2025-04-25,20:51:50,-07:00,2025-04-25T20:51:50-07:00,0,16
style.css,63,css,f788d9de,Igosain08,2025-04-25,20:51:50,-07:00,2025-04-25T20:51:50-07:00,0,17
style.css,64,css,f788d9de,Igosain08,2025-04-25,20:51:50,-07:00,2025-04-25T20:51:50-07:00,0,13
style.css,65,css,f788d9de,Igosain08,2025-04-25,20:51:50,-07:00,2025-04-25T20:51:50-07:00,0,0
style.css,66,css,f788d9de,Igosain08,2025-04-25,20:51:50,-07:00,2025-04-25T20:51:50-07:00,0,0
style.css,67,css,f788d9de,Igosain08,2025-04-25,20:51:50,-07:00,2025-04-25T20:51:50-07:00,0,6
style.css,68,css,f788d9de,Igosain08,2025-04-25,20:51:50,-07:00,2025-04-25T20:51:50-07:00,0,17
style.css,69,css,f788d9de,Igosain08,2025-04-25,20:51:50,-07:00,2025-04-25T20:51:50-07:00,0,18
style.css,70,css,f788d9de,Igosain08,2025-04-25,20:51:50,-07:00,2025-04-25T20:51:50-07:00,0,0
style.css,71,css,f788d9de,Igosain08,2025-04-25,20:51:50,-07:00,2025-04-25T20:51:50-07:00,0,0
style.css,72,css,f788d9de,Igosain08,2025-04-25,20:51:50,-07:00,2025-04-25T20:51:50-07:00,0,5
style.css,73,css,f788d9de,Igosain08,2025-04-25,20:51:50,-07:00,2025-04-25T20:51:50-07:00,0,9
style.css,74,css,f788d9de,Igosain08,2025-04-25,20:51:50,-07:00,2025-04-25T20:51:50-07:00,0,11
style.css,75,css,f788d9de,Igosain08,2025-04-25,20:51:50,-07:00,2025-04-25T20:51:50-07:00,0,22
style.css,76,css,f788d9de,Igosain08,2025-04-25,20:51:50,-07:00,2025-04-25T20:51:50-07:00,0,14
style.css,77,css,f788d9de,Igosain08,2025-04-25,20:51:50,-07:00,2025-04-25T20:51:50-07:00,0,35
style.css,78,css,f788d9de,Igosain08,2025-04-25,20:51:50,-07:00,2025-04-25T20:51:50-07:00,0,18
style.css,79,css,f788d9de,Igosain08,2025-04-25,20:51:50,-07:00,2025-04-25T20:51:50-07:00,0,24
style.css,80,css,f788d9de,Igosain08,2025-04-25,20:51:50,-07:00,2025-04-25T20:51:50-07:00,0,17
style.css,81,css,f788d9de,Igosain08,2025-04-25,20:51:50,-07:00,2025-04-25T20:51:50-07:00,0,0
style.css,82,css,f788d9de,Igosain08,2025-04-25,20:51:50,-07:00,2025-04-25T20:51:50-07:00,0,0
style.css,83,css,f788d9de,Igosain08,2025-04-25,20:51:50,-07:00,2025-04-25T20:51:50-07:00,0,7
style.css,84,css,f788d9de,Igosain08,2025-04-25,20:51:50,-07:00,2025-04-25T20:51:50-07:00,0,19
style.css,85,css,f788d9de,Igosain08,2025-04-25,20:51:50,-07:00,2025-04-25T20:51:50-07:00,0,15
style.css,86,css,f788d9de,Igosain08,2025-04-25,20:51:50,-07:00,2025-04-25T20:51:50-07:00,0,13
style.css,87,css,f788d9de,Igosain08,2025-04-25,20:51:50,-07:00,2025-04-25T20:51:50-07:00,0,17
style.css,88,css,f788d9de,Igosain08,2025-04-25,20:51:50,-07:00,2025-04-25T20:51:50-07:00,0,15
style.css,89,css,f788d9de,Igosain08,2025-04-25,20:51:50,-07:00,2025-04-25T20:51:50-07:00,0,70
style.css,90,css,f788d9de,Igosain08,2025-04-25,20:51:50,-07:00,2025-04-25T20:51:50-07:00,0,35
style.css,91,css,f788d9de,Igosain08,2025-04-25,20:51:50,-07:00,2025-04-25T20:51:50-07:00,0,18
style.css,92,css,f788d9de,Igosain08,2025-04-25,20:51:50,-07:00,2025-04-25T20:51:50-07:00,0,18
style.css,93,css,f788d9de,Igosain08,2025-04-25,20:51:50,-07:00,2025-04-25T20:51:50-07:00,0,17
style.css,94,css,f788d9de,Igosain08,2025-04-25,20:51:50,-07:00,2025-04-25T20:51:50-07:00,0,0
style.css,95,css,f788d9de,Igosain08,2025-04-25,20:51:50,-07:00,2025-04-25T20:51:50-07:00,0,0
style.css,96,css,f788d9de,Igosain08,2025-04-25,20:51:50,-07:00,2025-04-25T20:51:50-07:00,0,13
style.css,97,css,f788d9de,Igosain08,2025-04-25,20:51:50,-07:00,2025-04-25T20:51:50-07:00,0,70
style.css,98,css,f788d9de,Igosain08,2025-04-25,20:51:50,-07:00,2025-04-25T20:51:50-07:00,0,0
style.css,99,css,f788d9de,Igosain08,2025-04-25,20:51:50,-07:00,2025-04-25T20:51:50-07:00,0,0
style.css,100,css,f788d9de,Igosain08,2025-04-25,20:51:50,-07:00,2025-04-25T20:51:50-07:00,0,10
style.css,101,css,f788d9de,Igosain08,2025-04-25,20:51:50,-07:00,2025-04-25T20:51:50-07:00,0,13
style.css,102,css,f788d9de,Igosain08,2025-04-25,20:51:50,-07:00,2025-04-25T20:51:50-07:00,0,59
style.css,103,css,f788d9de,Igosain08,2025-04-25,20:51:50,-07:00,2025-04-25T20:51:50-07:00,0,11
style.css,104,css,f788d9de,Igosain08,2025-04-25,20:51:50,-07:00,2025-04-25T20:51:50-07:00,0,18
style.css,105,css,f788d9de,Igosain08,2025-04-25,20:51:50,-07:00,2025-04-25T20:51:50-07:00,0,0
style.css,106,css,f788d9de,Igosain08,2025-04-25,20:51:50,-07:00,2025-04-25T20:51:50-07:00,0,0
style.css,107,css,f788d9de,Igosain08,2025-04-25,20:51:50,-07:00,2025-04-25T20:51:50-07:00,0,18
style.css,108,css,f788d9de,Igosain08,2025-04-25,20:51:50,-07:00,2025-04-25T20:51:50-07:00,0,13
style.css,109,css,f788d9de,Igosain08,2025-04-25,20:51:50,-07:00,2025-04-25T20:51:50-07:00,0,27
style.css,110,css,f788d9de,Igosain08,2025-04-25,20:51:50,-07:00,2025-04-25T20:51:50-07:00,0,16
style.css,111,css,f788d9de,Igosain08,2025-04-25,20:51:50,-07:00,2025-04-25T20:51:50-07:00,0,13
style.css,112,css,f788d9de,Igosain08,2025-04-25,20:51:50,-07:00,2025-04-25T20:51:50-07:00,0,41
style.css,113,css,f788d9de,Igosain08,2025-04-25,20:51:50,-07:00,2025-04-25T20:51:50-07:00,0,22
style.css,114,css,f788d9de,Igosain08,2025-04-25,20:51:50,-07:00,2025-04-25T20:51:50-07:00,0,18
style.css,115,css,f788d9de,Igosain08,2025-04-25,20:51:50,-07:00,2025-04-25T20:51:50-07:00,0,49
style.css,116,css,f788d9de,Igosain08,2025-04-25,20:51:50,-07:00,2025-04-25T20:51:50-07:00,0,53
style.css,117,css,f788d9de,Igosain08,2025-04-25,20:51:50,-07:00,2025-04-25T20:51:50-07:00,0,0
style.css,118,css,f788d9de,Igosain08,2025-04-25,20:51:50,-07:00,2025-04-25T20:51:50-07:00,0,0
style.css,119,css,f788d9de,Igosain08,2025-04-25,20:51:50,-07:00,2025-04-25T20:51:50-07:00,0,24
style.css,120,css,f788d9de,Igosain08,2025-04-25,20:51:50,-07:00,2025-04-25T20:51:50-07:00,0,27
style.css,121,css,f788d9de,Igosain08,2025-04-25,20:51:50,-07:00,2025-04-25T20:51:50-07:00,0,47
style.css,122,css,f788d9de,Igosain08,2025-04-25,20:51:50,-07:00,2025-04-25T20:51:50-07:00,0,0
style.css,123,css,f788d9de,Igosain08,2025-04-25,20:51:50,-07:00,2025-04-25T20:51:50-07:00,0,0
style.css,124,css,f788d9de,Igosain08,2025-04-25,20:51:50,-07:00,2025-04-25T20:51:50-07:00,0,13
style.css,125,css,f788d9de,Igosain08,2025-04-25,20:51:50,-07:00,2025-04-25T20:51:50-07:00,0,9
style.css,126,css,f788d9de,Igosain08,2025-04-25,20:51:50,-07:00,2025-04-25T20:51:50-07:00,0,18
style.css,127,css,f788d9de,Igosain08,2025-04-25,20:51:50,-07:00,2025-04-25T20:51:50-07:00,0,0
style.css,128,css,f788d9de,Igosain08,2025-04-25,20:51:50,-07:00,2025-04-25T20:51:50-07:00,0,0
style.css,129,css,f788d9de,Igosain08,2025-04-25,20:51:50,-07:00,2025-04-25T20:51:50-07:00,0,14
style.css,130,css,f788d9de,Igosain08,2025-04-25,20:51:50,-07:00,2025-04-25T20:51:50-07:00,0,15
style.css,131,css,f788d9de,Igosain08,2025-04-25,20:51:50,-07:00,2025-04-25T20:51:50-07:00,0,21
style.css,132,css,f788d9de,Igosain08,2025-04-25,20:51:50,-07:00,2025-04-25T20:51:50-07:00,0,0
style.css,133,css,f788d9de,Igosain08,2025-04-25,20:51:50,-07:00,2025-04-25T20:51:50-07:00,0,0
style.css,134,css,f788d9de,Igosain08,2025-04-25,20:51:50,-07:00,2025-04-25T20:51:50-07:00,0,3
style.css,135,css,f788d9de,Igosain08,2025-04-25,20:51:50,-07:00,2025-04-25T20:51:50-07:00,0,15
style.css,136,css,ff8cc707,Igosain08,2025-05-02,17:43:17,-07:00,2025-05-02T17:43:17-07:00,0,0
style.css,137,css,f788d9de,Igosain08,2025-04-25,20:51:50,-07:00,2025-04-25T20:51:50-07:00,0,0
style.css,138,css,f788d9de,Igosain08,2025-04-25,20:51:50,-07:00,2025-04-25T20:51:50-07:00,0,0
style.css,139,css,f788d9de,Igosain08,2025-04-25,20:51:50,-07:00,2025-04-25T20:51:50-07:00,0,23
style.css,140,css,f788d9de,Igosain08,2025-04-25,20:51:50,-07:00,2025-04-25T20:51:50-07:00,0,16
style.css,141,css,f788d9de,Igosain08,2025-04-25,20:51:50,-07:00,2025-04-25T20:51:50-07:00,0,18
style.css,142,css,f788d9de,Igosain08,2025-04-25,20:51:50,-07:00,2025-04-25T20:51:50-07:00,0,0
style.css,143,css,f788d9de,Igosain08,2025-04-25,20:51:50,-07:00,2025-04-25T20:51:50-07:00,0,0
style.css,144,css,f788d9de,Igosain08,2025-04-25,20:51:50,-07:00,2025-04-25T20:51:50-07:00,0,9
style.css,145,css,f788d9de,Igosain08,2025-04-25,20:51:50,-07:00,2025-04-25T20:51:50-07:00,0,17
style.css,146,css,f788d9de,Igosain08,2025-04-25,20:51:50,-07:00,2025-04-25T20:51:50-07:00,0,26
style.css,147,css,f788d9de,Igosain08,2025-04-25,20:51:50,-07:00,2025-04-25T20:51:50-07:00,0,26
style.css,148,css,f788d9de,Igosain08,2025-04-25,20:51:50,-07:00,2025-04-25T20:51:50-07:00,0,0
style.css,149,css,ff8cc707,Igosain08,2025-05-02,17:43:17,-07:00,2025-05-02T17:43:17-07:00,0,0
style.css,150,css,f788d9de,Igosain08,2025-04-25,20:51:50,-07:00,2025-04-25T20:51:50-07:00,0,14
style.css,151,css,f788d9de,Igosain08,2025-04-25,20:51:50,-07:00,2025-04-25T20:51:50-07:00,0,18
style.css,152,css,f788d9de,Igosain08,2025-04-25,20:51:50,-07:00,2025-04-25T20:51:50-07:00,0,9
style.css,153,css,f788d9de,Igosain08,2025-04-25,20:51:50,-07:00,2025-04-25T20:51:50-07:00,0,11
style.css,154,css,f788d9de,Igosain08,2025-04-25,20:51:50,-07:00,2025-04-25T20:51:50-07:00,0,14
style.css,155,css,f788d9de,Igosain08,2025-04-25,20:51:50,-07:00,2025-04-25T20:51:50-07:00,0,20
style.css,156,css,f788d9de,Igosain08,2025-04-25,20:51:50,-07:00,2025-04-25T20:51:50-07:00,0,0
style.css,157,css,f788d9de,Igosain08,2025-04-25,20:51:50,-07:00,2025-04-25T20:51:50-07:00,0,0
style.css,158,css,f788d9de,Igosain08,2025-04-25,20:51:50,-07:00,2025-04-25T20:51:50-07:00,0,5
style.css,159,css,f788d9de,Igosain08,2025-04-25,20:51:50,-07:00,2025-04-25T20:51:50-07:00,0,8
style.css,160,css,f788d9de,Igosain08,2025-04-25,20:51:50,-07:00,2025-04-25T20:51:50-07:00,0,6
style.css,161,css,f788d9de,Igosain08,2025-04-25,20:51:50,-07:00,2025-04-25T20:51:50-07:00,0,7
style.css,162,css,f788d9de,Igosain08,2025-04-25,20:51:50,-07:00,2025-04-25T20:51:50-07:00,0,13
style.css,163,css,f788d9de,Igosain08,2025-04-25,20:51:50,-07:00,2025-04-25T20:51:50-07:00,0,0
style.css,164,css,ff8cc707,Igosain08,2025-05-02,17:43:17,-07:00,2025-05-02T17:43:17-07:00,0,0
style.css,165,css,ff8cc707,Igosain08,2025-05-02,17:43:17,-07:00,2025-05-02T17:43:17-07:00,0,15
style.css,166,css,ff8cc707,Igosain08,2025-05-02,17:43:17,-07:00,2025-05-02T17:43:17-07:00,0,16
style.css,167,css,ff8cc707,Igosain08,2025-05-02,17:43:17,-07:00,2025-05-02T17:43:17-07:00,0,17
style.css,168,css,ff8cc707,Igosain08,2025-05-02,17:43:17,-07:00,2025-05-02T17:43:17-07:00,0,34
style.css,169,css,ff8cc707,Igosain08,2025-05-02,17:43:17,-07:00,2025-05-02T17:43:17-07:00,0,0
style.css,170,css,ff8cc707,Igosain08,2025-05-02,17:43:17,-07:00,2025-05-02T17:43:17-07:00,0,0
style.css,171,css,ff8cc707,Igosain08,2025-05-02,17:43:17,-07:00,2025-05-02T17:43:17-07:00,0,18
style.css,172,css,ff8cc707,Igosain08,2025-05-02,17:43:17,-07:00,2025-05-02T17:43:17-07:00,0,13
style.css,173,css,ff8cc707,Igosain08,2025-05-02,17:43:17,-07:00,2025-05-02T17:43:17-07:00,0,37
style.css,174,css,f788d9de,Igosain08,2025-04-25,20:51:50,-07:00,2025-04-25T20:51:50-07:00,0,9
style.css,175,css,f788d9de,Igosain08,2025-04-25,20:51:50,-07:00,2025-04-25T20:51:50-07:00,0,18
style.css,176,css,ff8cc707,Igosain08,2025-05-02,17:43:17,-07:00,2025-05-02T17:43:17-07:00,0,9
style.css,177,css,ff8cc707,Igosain08,2025-05-02,17:43:17,-07:00,2025-05-02T17:43:17-07:00,0,10
style.css,178,css,f788d9de,Igosain08,2025-04-25,20:51:50,-07:00,2025-04-25T20:51:50-07:00,0,0
style.css,179,css,f788d9de,Igosain08,2025-04-25,20:51:50,-07:00,2025-04-25T20:51:50-07:00,0,0
style.css,180,css,ff8cc707,Igosain08,2025-05-02,17:43:17,-07:00,2025-05-02T17:43:17-07:00,0,18
style.css,181,css,ff8cc707,Igosain08,2025-05-02,17:43:17,-07:00,2025-05-02T17:43:17-07:00,0,17
style.css,182,css,ff8cc707,Igosain08,2025-05-02,17:43:17,-07:00,2025-05-02T17:43:17-07:00,0,16
style.css,183,css,ff8cc707,Igosain08,2025-05-02,17:43:17,-07:00,2025-05-02T17:43:17-07:00,0,25
style.css,184,css,ff8cc707,Igosain08,2025-05-02,17:43:17,-07:00,2025-05-02T17:43:17-07:00,0,22
style.css,185,css,ff8cc707,Igosain08,2025-05-02,17:43:17,-07:00,2025-05-02T17:43:17-07:00,0,31
style.css,186,css,ff8cc707,Igosain08,2025-05-02,17:43:17,-07:00,2025-05-02T17:43:17-07:00,0,21
style.css,187,css,f788d9de,Igosain08,2025-04-25,20:51:50,-07:00,2025-04-25T20:51:50-07:00,0,0
style.css,188,css,f788d9de,Igosain08,2025-04-25,20:51:50,-07:00,2025-04-25T20:51:50-07:00,0,0
style.css,189,css,ff8cc707,Igosain08,2025-05-02,17:43:17,-07:00,2025-05-02T17:43:17-07:00,0,18
style.css,190,css,ff8cc707,Igosain08,2025-05-02,17:43:17,-07:00,2025-05-02T17:43:17-07:00,0,18
style.css,191,css,ff8cc707,Igosain08,2025-05-02,17:43:17,-07:00,2025-05-02T17:43:17-07:00,0,16
style.css,192,css,ff8cc707,Igosain08,2025-05-02,17:43:17,-07:00,2025-05-02T17:43:17-07:00,0,9
style.css,193,css,f788d9de,Igosain08,2025-04-25,20:51:50,-07:00,2025-04-25T20:51:50-07:00,0,17
style.css,194,css,ff8cc707,Igosain08,2025-05-02,17:43:17,-07:00,2025-05-02T17:43:17-07:00,0,14
style.css,195,css,f788d9de,Igosain08,2025-04-25,20:51:50,-07:00,2025-04-25T20:51:50-07:00,0,0
style.css,196,css,f788d9de,Igosain08,2025-04-25,20:51:50,-07:00,2025-04-25T20:51:50-07:00,0,0
style.css,197,css,ff8cc707,Igosain08,2025-05-02,17:43:17,-07:00,2025-05-02T17:43:17-07:00,0,16
style.css,198,css,ff8cc707,Igosain08,2025-05-02,17:43:17,-07:00,2025-05-02T17:43:17-07:00,0,18
style.css,199,css,ff8cc707,Igosain08,2025-05-02,17:43:17,-07:00,2025-05-02T17:43:17-07:00,0,17
style.css,200,css,ff8cc707,Igosain08,2025-05-02,17:43:17,-07:00,2025-05-02T17:43:17-07:00,0,11
style.css,201,css,ff8cc707,Igosain08,2025-05-02,17:43:17,-07:00,2025-05-02T17:43:17-07:00,0,18
style.css,202,css,f788d9de,Igosain08,2025-04-25,20:51:50,-07:00,2025-04-25T20:51:50-07:00,0,0
style.css,203,css,ff8cc707,Igosain08,2025-05-02,17:43:17,-07:00,2025-05-02T17:43:17-07:00,0,0
style.css,204,css,ff8cc707,Igosain08,2025-05-02,17:43:17,-07:00,2025-05-02T17:43:17-07:00,0,19
style.css,205,css,ff8cc707,Igosain08,2025-05-02,17:43:17,-07:00,2025-05-02T17:43:17-07:00,0,15
style.css,206,css,ff8cc707,Igosain08,2025-05-02,17:43:17,-07:00,2025-05-02T17:43:17-07:00,0,17
style.css,207,css,ff8cc707,Igosain08,2025-05-02,17:43:17,-07:00,2025-05-02T17:43:17-07:00,0,17
style.css,208,css,ff8cc707,Igosain08,2025-05-02,17:43:17,-07:00,2025-05-02T17:43:17-07:00,0,0
style.css,209,css,ff8cc707,Igosain08,2025-05-02,17:43:17,-07:00,2025-05-02T17:43:17-07:00,0,0
style.css,210,css,ff8cc707,Igosain08,2025-05-02,17:43:17,-07:00,2025-05-02T17:43:17-07:00,0,8
style.css,211,css,ff8cc707,Igosain08,2025-05-02,17:43:17,-07:00,2025-05-02T17:43:17-07:00,0,13
style.css,212,css,ff8cc707,Igosain08,2025-05-02,17:43:17,-07:00,2025-05-02T17:43:17-07:00,0,58
style.css,213,css,ff8cc707,Igosain08,2025-05-02,17:43:17,-07:00,2025-05-02T17:43:17-07:00,0,9
style.css,214,css,ff8cc707,Igosain08,2025-05-02,17:43:17,-07:00,2025-05-02T17:43:17-07:00,0,22
style.css,215,css,ff8cc707,Igosain08,2025-05-02,17:43:17,-07:00,2025-05-02T17:43:17-07:00,0,13
style.css,216,css,ff8cc707,Igosain08,2025-05-02,17:43:17,-07:00,2025-05-02T17:43:17-07:00,0,16
style.css,217,css,ff8cc707,Igosain08,2025-05-02,17:43:17,-07:00,2025-05-02T17:43:17-07:00,0,16
style.css,218,css,ff8cc707,Igosain08,2025-05-02,17:43:17,-07:00,2025-05-02T17:43:17-07:00,0,0
style.css,219,css,ff8cc707,Igosain08,2025-05-02,17:43:17,-07:00,2025-05-02T17:43:17-07:00,0,0
style.css,220,css,ff8cc707,Igosain08,2025-05-02,17:43:17,-07:00,2025-05-02T17:43:17-07:00,0,13
style.css,221,css,ff8cc707,Igosain08,2025-05-02,17:43:17,-07:00,2025-05-02T17:43:17-07:00,0,13
style.css,222,css,ff8cc707,Igosain08,2025-05-02,17:43:17,-07:00,2025-05-02T17:43:17-07:00,0,19
style.css,223,css,ff8cc707,Igosain08,2025-05-02,17:43:17,-07:00,2025-05-02T17:43:17-07:00,0,11
style.css,224,css,ff8cc707,Igosain08,2025-05-02,17:43:17,-07:00,2025-05-02T17:43:17-07:00,0,0
style.css,225,css,ff8cc707,Igosain08,2025-05-02,17:43:17,-07:00,2025-05-02T17:43:17-07:00,0,0
style.css,226,css,ff8cc707,Igosain08,2025-05-02,17:43:17,-07:00,2025-05-02T17:43:17-07:00,0,21
style.css,227,css,ff8cc707,Igosain08,2025-05-02,17:43:17,-07:00,2025-05-02T17:43:17-07:00,0,10
style.css,228,css,ff8cc707,Igosain08,2025-05-02,17:43:17,-07:00,2025-05-02T17:43:17-07:00,0,11
style.css,229,css,ff8cc707,Igosain08,2025-05-02,17:43:17,-07:00,2025-05-02T17:43:17-07:00,0,19
style.css,230,css,ff8cc707,Igosain08,2025-05-02,17:43:17,-07:00,2025-05-02T17:43:17-07:00,0,30
style.css,231,css,ff8cc707,Igosain08,2025-05-02,17:43:17,-07:00,2025-05-02T17:43:17-07:00,0,21
style.css,232,css,ff8cc707,Igosain08,2025-05-02,17:43:17,-07:00,2025-05-02T17:43:17-07:00,0,21
style.css,233,css,ff8cc707,Igosain08,2025-05-02,17:43:17,-07:00,2025-05-02T17:43:17-07:00,0,0
style.css,234,css,ff8cc707,Igosain08,2025-05-02,17:43:17,-07:00,2025-05-02T17:43:17-07:00,0,0
style.css,235,css,ff8cc707,Igosain08,2025-05-02,17:43:17,-07:00,2025-05-02T17:43:17-07:00,0,11
style.css,236,css,ff8cc707,Igosain08,2025-05-02,17:43:17,-07:00,2025-05-02T17:43:17-07:00,0,13
style.css,237,css,ff8cc707,Igosain08,2025-05-02,17:43:17,-07:00,2025-05-02T17:43:17-07:00,0,19
style.css,238,css,ff8cc707,Igosain08,2025-05-02,17:43:17,-07:00,2025-05-02T17:43:17-07:00,0,9
style.css,239,css,ff8cc707,Igosain08,2025-05-02,17:43:17,-07:00,2025-05-02T17:43:17-07:00,0,15
style.css,240,css,ff8cc707,Igosain08,2025-05-02,17:43:17,-07:00,2025-05-02T17:43:17-07:00,0,16
style.css,241,css,ff8cc707,Igosain08,2025-05-02,17:43:17,-07:00,2025-05-02T17:43:17-07:00,0,0
style.css,242,css,ff8cc707,Igosain08,2025-05-02,17:43:17,-07:00,2025-05-02T17:43:17-07:00,0,0
style.css,243,css,ff8cc707,Igosain08,2025-05-02,17:43:17,-07:00,2025-05-02T17:43:17-07:00,0,15
style.css,244,css,ff8cc707,Igosain08,2025-05-02,17:43:17,-07:00,2025-05-02T17:43:17-07:00,0,15
style.css,245,css,ff8cc707,Igosain08,2025-05-02,17:43:17,-07:00,2025-05-02T17:43:17-07:00,0,14
style.css,246,css,ff8cc707,Igosain08,2025-05-02,17:43:17,-07:00,2025-05-02T17:43:17-07:00,0,0
style.css,247,css,ff8cc707,Igosain08,2025-05-02,17:43:17,-07:00,2025-05-02T17:43:17-07:00,0,0
style.css,248,css,ff8cc707,Igosain08,2025-05-02,17:43:17,-07:00,2025-05-02T17:43:17-07:00,0,8
style.css,249,css,ff8cc707,Igosain08,2025-05-02,17:43:17,-07:00,2025-05-02T17:43:17-07:00,0,7
style.css,250,css,ff8cc707,Igosain08,2025-05-02,17:43:17,-07:00,2025-05-02T17:43:17-07:00,0,0
style.css,251,css,ff8cc707,Igosain08,2025-05-02,17:43:17,-07:00,2025-05-02T17:43:17-07:00,0,0
style.css,252,css,ff8cc707,Igosain08,2025-05-02,17:43:17,-07:00,2025-05-02T17:43:17-07:00,0,42
style.css,253,css,ff8cc707,Igosain08,2025-05-02,17:43:17,-07:00,2025-05-02T17:43:17-07:00,0,24
style.css,254,css,ff8cc707,Igosain08,2025-05-02,17:43:17,-07:00,2025-05-02T17:43:17-07:00,0,17
style.css,255,css,ff8cc707,Igosain08,2025-05-02,17:43:17,-07:00,2025-05-02T17:43:17-07:00,0,0
style.css,256,css,ff8cc707,Igosain08,2025-05-02,17:43:17,-07:00,2025-05-02T17:43:17-07:00,0,0
style.css,257,css,ff8cc707,Igosain08,2025-05-02,17:43:17,-07:00,2025-05-02T17:43:17-07:00,0,61
style.css,258,css,ff8cc707,Igosain08,2025-05-02,17:43:17,-07:00,2025-05-02T17:43:17-07:00,0,52
style.css,259,css,ff8cc707,Igosain08,2025-05-02,17:43:17,-07:00,2025-05-02T17:43:17-07:00,0,12
style.css,260,css,ff8cc707,Igosain08,2025-05-02,17:43:17,-07:00,2025-05-02T17:43:17-07:00,0,0
style.css,261,css,ff8cc707,Igosain08,2025-05-02,17:43:17,-07:00,2025-05-02T17:43:17-07:00,0,0
style.css,262,css,ff8cc707,Igosain08,2025-05-02,17:43:17,-07:00,2025-05-02T17:43:17-07:00,0,5
style.css,263,css,ff8cc707,Igosain08,2025-05-02,17:43:17,-07:00,2025-05-02T17:43:17-07:00,0,15
style.css,264,css,ff8cc707,Igosain08,2025-05-02,17:43:17,-07:00,2025-05-02T17:43:17-07:00,0,17
style.css,265,css,ff8cc707,Igosain08,2025-05-02,17:43:17,-07:00,2025-05-02T17:43:17-07:00,0,0
style.css,266,css,ff8cc707,Igosain08,2025-05-02,17:43:17,-07:00,2025-05-02T17:43:17-07:00,0,0
style.css,267,css,ff8cc707,Igosain08,2025-05-02,17:43:17,-07:00,2025-05-02T17:43:17-07:00,0,52
style.css,268,css,ff8cc707,Igosain08,2025-05-02,17:43:17,-07:00,2025-05-02T17:43:17-07:00,0,12
style.css,269,css,ff8cc707,Igosain08,2025-05-02,17:43:17,-07:00,2025-05-02T17:43:17-07:00,0,0
style.css,270,css,ff8cc707,Igosain08,2025-05-02,17:43:17,-07:00,2025-05-02T17:43:17-07:00,0,0
style.css,271,css,ff8cc707,Igosain08,2025-05-02,17:43:17,-07:00,2025-05-02T17:43:17-07:00,0,10
style.css,272,css,ff8cc707,Igosain08,2025-05-02,17:43:17,-07:00,2025-05-02T17:43:17-07:00,0,36
style.css,273,css,ff8cc707,Igosain08,2025-05-02,17:43:17,-07:00,2025-05-02T17:43:17-07:00,0,0
style.css,274,css,ff8cc707,Igosain08,2025-05-02,17:43:17,-07:00,2025-05-02T17:43:17-07:00,0,0
style.css,275,css,ff8cc707,Igosain08,2025-05-02,17:43:17,-07:00,2025-05-02T17:43:17-07:00,0,19
style.css,276,css,ff8cc707,Igosain08,2025-05-02,17:43:17,-07:00,2025-05-02T17:43:17-07:00,0,18
style.css,277,css,ff8cc707,Igosain08,2025-05-02,17:43:17,-07:00,2025-05-02T17:43:17-07:00,0,0
index.js,1,js,ff8cc707,Igosain08,2025-05-02,17:43:17,-07:00,2025-05-02T17:43:17-07:00,0,72
index.js,2,js,ff8cc707,Igosain08,2025-05-02,17:43:17,-07:00,2025-05-02T17:43:17-07:00,0,0
index.js,3,js,ff8cc707,Igosain08,2025-05-02,17:43:17,-07:00,2025-05-02T17:43:17-07:00,0,55
index.js,4,js,ff8cc707,Igosain08,2025-05-02,17:43:17,-07:00,2025-05-02T17:43:17-07:00,0,43
index.js,5,js,ff8cc707,Igosain08,2025-05-02,17:43:17,-07:00,2025-05-02T17:43:17-07:00,0,0
index.js,6,js,ff8cc707,Igosain08,2025-05-02,17:43:17,-07:00,2025-05-02T17:43:17-07:00,0,61
index.js,7,js,ff8cc707,Igosain08,2025-05-02,17:43:17,-07:00,2025-05-02T17:43:17-07:00,0,55
index.js,8,js,ff8cc707,Igosain08,2025-05-02,17:43:17,-07:00,2025-05-02T17:43:17-07:00,0,0
index.js,9,js,ff8cc707,Igosain08,2025-05-02,17:43:17,-07:00,2025-05-02T17:43:17-07:00,0,42
index.js,10,js,ff8cc707,Igosain08,2025-05-02,17:43:17,-07:00,2025-05-02T17:43:17-07:00,0,61
index.js,11,js,ff8cc707,Igosain08,2025-05-02,17:43:17,-07:00,2025-05-02T17:43:17-07:00,0,0
index.js,12,js,ff8cc707,Igosain08,2025-05-02,17:43:17,-07:00,2025-05-02T17:43:17-07:00,0,18
index.js,13,js,ff8cc707,Igosain08,2025-05-02,17:43:17,-07:00,2025-05-02T17:43:17-07:00,0,25
index.js,14,js,ff8cc707,Igosain08,2025-05-02,17:43:17,-07:00,2025-05-02T17:43:17-07:00,0,3
index.js,15,js,ff8cc707,Igosain08,2025-05-02,17:43:17,-07:00,2025-05-02T17:43:17-07:00,0,56
index.js,16,js,ff8cc707,Igosain08,2025-05-02,17:43:17,-07:00,2025-05-02T17:43:17-07:00,0,56
index.js,17,js,ff8cc707,Igosain08,2025-05-02,17:43:17,-07:00,2025-05-02T17:43:17-07:00,0,50
index.js,18,js,ff8cc707,Igosain08,2025-05-02,17:43:17,-07:00,2025-05-02T17:43:17-07:00,0,50
index.js,19,js,ff8cc707,Igosain08,2025-05-02,17:43:17,-07:00,2025-05-02T17:43:17-07:00,0,4
index.js,20,js,ff8cc707,Igosain08,2025-05-02,17:43:17,-07:00,2025-05-02T17:43:17-07:00,0,1
index.js,21,js,f788d9de,Igosain08,2025-04-25,20:51:50,-07:00,2025-04-25T20:51:50-07:00,0,0
index.html,1,html,f788d9de,Igosain08,2025-04-25,20:51:50,-07:00,2025-04-25T20:51:50-07:00,0,14
index.html,2,html,f788d9de,Igosain08,2025-04-25,20:51:50,-07:00,2025-04-25T20:51:50-07:00,0,15
index.html,3,html,f788d9de,Igosain08,2025-04-25,20:51:50,-07:00,2025-04-25T20:51:50-07:00,0,5
index.html,4,html,f788d9de,Igosain08,2025-04-25,20:51:50,-07:00,2025-04-25T20:51:50-07:00,0,21
index.html,5,html,f788d9de,Igosain08,2025-04-25,20:51:50,-07:00,2025-04-25T20:51:50-07:00,0,69
index.html,6,html,f788d9de,Igosain08,2025-04-25,20:51:50,-07:00,2025-04-25T20:51:50-07:00,0,56
index.html,7,html,ff8cc707,Igosain08,2025-05-02,17:43:17,-07:00,2025-05-02T17:43:17-07:00,0,39
index.html,8,html,f788d9de,Igosain08,2025-04-25,20:51:50,-07:00,2025-04-25T20:51:50-07:00,0,6
index.html,9,html,ff8cc707,Igosain08,2025-05-02,17:43:17,-07:00,2025-05-02T17:43:17-07:00,0,0
index.html,10,html,ff8cc707,Igosain08,2025-05-02,17:43:17,-07:00,2025-05-02T17:43:17-07:00,0,0
index.html,11,html,f788d9de,Igosain08,2025-04-25,20:51:50,-07:00,2025-04-25T20:51:50-07:00,0,5
index.html,12,html,ff8cc707,Igosain08,2025-05-02,17:43:17,-07:00,2025-05-02T17:43:17-07:00,0,0
index.html,13,html,f788d9de,Igosain08,2025-04-25,20:51:50,-07:00,2025-04-25T20:51:50-07:00,0,21
index.html,14,html,ff8cc707,Igosain08,2025-05-02,17:43:17,-07:00,2025-05-02T17:43:17-07:00,0,107
index.html,15,html,ff8cc707,Igosain08,2025-05-02,17:43:17,-07:00,2025-05-02T17:43:17-07:00,0,330
index.html,16,html,ff8cc707,Igosain08,2025-05-02,17:43:17,-07:00,2025-05-02T17:43:17-07:00,0,0
index.html,17,html,f788d9de,Igosain08,2025-04-25,20:51:50,-07:00,2025-04-25T20:51:50-07:00,0,0
index.html,18,html,ff8cc707,Igosain08,2025-05-02,17:43:17,-07:00,2025-05-02T17:43:17-07:00,0,20
index.html,19,html,ff8cc707,Igosain08,2025-05-02,17:43:17,-07:00,2025-05-02T17:43:17-07:00,0,23
index.html,20,html,f788d9de,Igosain08,2025-04-25,20:51:50,-07:00,2025-04-25T20:51:50-07:00,0,0
index.html,21,html,f788d9de,Igosain08,2025-04-25,20:51:50,-07:00,2025-04-25T20:51:50-07:00,0,5
index.html,22,html,f788d9de,Igosain08,2025-04-25,20:51:50,-07:00,2025-04-25T20:51:50-07:00,0,0
index.html,23,html,ff8cc707,Igosain08,2025-05-02,17:43:17,-07:00,2025-05-02T17:43:17-07:00,0,0
index.html,24,html,ff8cc707,Igosain08,2025-05-02,17:43:17,-07:00,2025-05-02T17:43:17-07:00,0,0
index.html,25,html,ff8cc707,Igosain08,2025-05-02,17:43:17,-07:00,2025-05-02T17:43:17-07:00,0,23
index.html,26,html,ff8cc707,Igosain08,2025-05-02,17:43:17,-07:00,2025-05-02T17:43:17-07:00,0,21
index.html,27,html,ff8cc707,Igosain08,2025-05-02,17:43:17,-07:00,2025-05-02T17:43:17-07:00,0,0
index.html,28,html,ff8cc707,Igosain08,2025-05-02,17:43:17,-07:00,2025-05-02T17:43:17-07:00,0,5
index.html,29,html,f788d9de,Igosain08,2025-04-25,20:51:50,-07:00,2025-04-25T20:51:50-07:00,0,0
index.html,30,html,f788d9de,Igosain08,2025-04-25,20:51:50,-07:00,2025-04-25T20:51:50-07:00,0,0
index.html,31,html,ff8cc707,Igosain08,2025-05-02,17:43:17,-07:00,2025-05-02T17:43:17-07:00,0,52
index.html,32,html,ff8cc707,Igosain08,2025-05-02,17:43:17,-07:00,2025-05-02T17:43:17-07:00,0,51
index.html,33,html,f788d9de,Igosain08,2025-04-25,20:51:50,-07:00,2025-04-25T20:51:50-07:00,0,6
index.html,34,html,f788d9de,Igosain08,2025-04-25,20:51:50,-07:00,2025-04-25T20:51:50-07:00,0,6
global.js,1,js,ff8cc707,Igosain08,2025-05-02,17:43:17,-07:00,2025-05-02T17:43:17-07:00,0,26
global.js,2,js,f788d9de,Igosain08,2025-04-25,20:51:50,-07:00,2025-04-25T20:51:50-07:00,0,0
global.js,3,js,f788d9de,Igosain08,2025-04-25,20:51:50,-07:00,2025-04-25T20:51:50-07:00,0,0
global.js,4,js,ff8cc707,Igosain08,2025-05-02,17:43:17,-07:00,2025-05-02T17:43:17-07:00,0,42
global.js,5,js,ff8cc707,Igosain08,2025-05-02,17:43:17,-07:00,2025-05-02T17:43:17-07:00,0,53
global.js,6,js,ff8cc707,Igosain08,2025-05-02,17:43:17,-07:00,2025-05-02T17:43:17-07:00,0,0
global.js,7,js,f788d9de,Igosain08,2025-04-25,20:51:50,-07:00,2025-04-25T20:51:50-07:00,0,0
global.js,8,js,f788d9de,Igosain08,2025-04-25,20:51:50,-07:00,2025-04-25T20:51:50-07:00,0,0
global.js,9,js,ff8cc707,Igosain08,2025-05-02,17:43:17,-07:00,2025-05-02T17:43:17-07:00,0,12
global.js,10,js,ff8cc707,Igosain08,2025-05-02,17:43:17,-07:00,2025-05-02T17:43:17-07:00,0,26
global.js,11,js,ff8cc707,Igosain08,2025-05-02,17:43:17,-07:00,2025-05-02T17:43:17-07:00,0,39
global.js,12,js,ff8cc707,Igosain08,2025-05-02,17:43:17,-07:00,2025-05-02T17:43:17-07:00,0,37
global.js,13,js,ff8cc707,Igosain08,2025-05-02,17:43:17,-07:00,2025-05-02T17:43:17-07:00,0,35
global.js,14,js,ff8cc707,Igosain08,2025-05-02,17:43:17,-07:00,2025-05-02T17:43:17-07:00,0,55
global.js,15,js,ff8cc707,Igosain08,2025-05-02,17:43:17,-07:00,2025-05-02T17:43:17-07:00,0,1
global.js,16,js,f788d9de,Igosain08,2025-04-25,20:51:50,-07:00,2025-04-25T20:51:50-07:00,0,0
global.js,17,js,ff8cc707,Igosain08,2025-05-02,17:43:17,-07:00,2025-05-02T17:43:17-07:00,0,16
global.js,18,js,ff8cc707,Igosain08,2025-05-02,17:43:17,-07:00,2025-05-02T17:43:17-07:00,0,69
global.js,19,js,ff8cc707,Igosain08,2025-05-02,17:43:17,-07:00,2025-05-02T17:43:17-07:00,0,4
global.js,20,js,95c37ec1,Igosain08,2025-05-02,17:45:08,-07:00,2025-05-02T17:45:08-07:00,0,18
global.js,21,js,f788d9de,Igosain08,2025-04-25,20:51:50,-07:00,2025-04-25T20:51:50-07:00,0,0
global.js,22,js,ff8cc707,Igosain08,2025-05-02,17:43:17,-07:00,2025-05-02T17:43:17-07:00,0,39
global.js,23,js,ff8cc707,Igosain08,2025-05-02,17:43:17,-07:00,2025-05-02T17:43:17-07:00,0,26
global.js,24,js,f788d9de,Igosain08,2025-04-25,20:51:50,-07:00,2025-04-25T20:51:50-07:00,0,0
global.js,25,js,ff8cc707,Igosain08,2025-05-02,17:43:17,-07:00,2025-05-02T17:43:17-07:00,0,21
global.js,26,js,ff8cc707,Igosain08,2025-05-02,17:43:17,-07:00,2025-05-02T17:43:17-07:00,0,15
global.js,27,js,ff8cc707,Igosain08,2025-05-02,17:43:17,-07:00,2025-05-02T17:43:17-07:00,0,19
global.js,28,js,ff8cc707,Igosain08,2025-05-02,17:43:17,-07:00,2025-05-02T17:43:17-07:00,0,0
global.js,29,js,ff8cc707,Igosain08,2025-05-02,17:43:17,-07:00,2025-05-02T17:43:17-07:00,0,53
global.js,30,js,ff8cc707,Igosain08,2025-05-02,17:43:17,-07:00,2025-05-02T17:43:17-07:00,0,0
global.js,31,js,ff8cc707,Igosain08,2025-05-02,17:43:17,-07:00,2025-05-02T17:43:17-07:00,0,35
global.js,32,js,ff8cc707,Igosain08,2025-05-02,17:43:17,-07:00,2025-05-02T17:43:17-07:00,0,12
global.js,33,js,ff8cc707,Igosain08,2025-05-02,17:43:17,-07:00,2025-05-02T17:43:17-07:00,0,21
global.js,34,js,ff8cc707,Igosain08,2025-05-02,17:43:17,-07:00,2025-05-02T17:43:17-07:00,0,0
global.js,35,js,ff8cc707,Igosain08,2025-05-02,17:43:17,-07:00,2025-05-02T17:43:17-07:00,0,18
global.js,36,js,ff8cc707,Igosain08,2025-05-02,17:43:17,-07:00,2025-05-02T17:43:17-07:00,0,9
global.js,37,js,ff8cc707,Igosain08,2025-05-02,17:43:17,-07:00,2025-05-02T17:43:17-07:00,0,59
global.js,38,js,ff8cc707,Igosain08,2025-05-02,17:43:17,-07:00,2025-05-02T17:43:17-07:00,0,1
global.js,39,js,ff8cc707,Igosain08,2025-05-02,17:43:17,-07:00,2025-05-02T17:43:17-07:00,0,0
global.js,40,js,ff8cc707,Igosain08,2025-05-02,17:43:17,-07:00,2025-05-02T17:43:17-07:00,0,30
global.js,41,js,ff8cc707,Igosain08,2025-05-02,17:43:17,-07:00,2025-05-02T17:43:17-07:00,0,19
global.js,42,js,ff8cc707,Igosain08,2025-05-02,17:43:17,-07:00,2025-05-02T17:43:17-07:00,0,0
global.js,43,js,ff8cc707,Igosain08,2025-05-02,17:43:17,-07:00,2025-05-02T17:43:17-07:00,0,0
global.js,44,js,ff8cc707,Igosain08,2025-05-02,17:43:17,-07:00,2025-05-02T17:43:17-07:00,0,13
global.js,45,js,ff8cc707,Igosain08,2025-05-02,17:43:17,-07:00,2025-05-02T17:43:17-07:00,0,0
global.js,46,js,f788d9de,Igosain08,2025-04-25,20:51:50,-07:00,2025-04-25T20:51:50-07:00,0,0
global.js,47,js,ff8cc707,Igosain08,2025-05-02,17:43:17,-07:00,2025-05-02T17:43:17-07:00,0,32
global.js,48,js,f788d9de,Igosain08,2025-04-25,20:51:50,-07:00,2025-04-25T20:51:50-07:00,0,12
global.js,49,js,f788d9de,Igosain08,2025-04-25,20:51:50,-07:00,2025-04-25T20:51:50-07:00,0,0
global.js,50,js,f788d9de,Igosain08,2025-04-25,20:51:50,-07:00,2025-04-25T20:51:50-07:00,0,27
global.js,51,js,f788d9de,Igosain08,2025-04-25,20:51:50,-07:00,2025-04-25T20:51:50-07:00,0,5
global.js,52,js,ff8cc707,Igosain08,2025-05-02,17:43:17,-07:00,2025-05-02T17:43:17-07:00,0,25
global.js,53,js,f788d9de,Igosain08,2025-04-25,20:51:50,-07:00,2025-04-25T20:51:50-07:00,0,44
global.js,54,js,f788d9de,Igosain08,2025-04-25,20:51:50,-07:00,2025-04-25T20:51:50-07:00,0,35
global.js,55,js,f788d9de,Igosain08,2025-04-25,20:51:50,-07:00,2025-04-25T20:51:50-07:00,0,33
global.js,56,js,f788d9de,Igosain08,2025-04-25,20:51:50,-07:00,2025-04-25T20:51:50-07:00,0,8
global.js,57,js,f788d9de,Igosain08,2025-04-25,20:51:50,-07:00,2025-04-25T20:51:50-07:00,0,7
global.js,58,js,f788d9de,Igosain08,2025-04-25,20:51:50,-07:00,2025-04-25T20:51:50-07:00,0,0
global.js,59,js,f788d9de,Igosain08,2025-04-25,20:51:50,-07:00,2025-04-25T20:51:50-07:00,0,1
global.js,60,js,f788d9de,Igosain08,2025-04-25,20:51:50,-07:00,2025-04-25T20:51:50-07:00,0,0
global.js,61,js,ff8cc707,Igosain08,2025-05-02,17:43:17,-07:00,2025-05-02T17:43:17-07:00,0,54
global.js,62,js,f788d9de,Igosain08,2025-04-25,20:51:50,-07:00,2025-04-25T20:51:50-07:00,0,0
global.js,63,js,ff8cc707,Igosain08,2025-05-02,17:43:17,-07:00,2025-05-02T17:43:17-07:00,0,35
global.js,64,js,ff8cc707,Igosain08,2025-05-02,17:43:17,-07:00,2025-05-02T17:43:17-07:00,0,44
global.js,65,js,ff8cc707,Igosain08,2025-05-02,17:43:17,-07:00,2025-05-02T17:43:17-07:00,0,71
global.js,66,js,ff8cc707,Igosain08,2025-05-02,17:43:17,-07:00,2025-05-02T17:43:17-07:00,0,26
global.js,67,js,f788d9de,Igosain08,2025-04-25,20:51:50,-07:00,2025-04-25T20:51:50-07:00,0,0
global.js,68,js,f788d9de,Igosain08,2025-04-25,20:51:50,-07:00,2025-04-25T20:51:50-07:00,0,0
global.js,69,js,ff8cc707,Igosain08,2025-05-02,17:43:17,-07:00,2025-05-02T17:43:17-07:00,0,50
global.js,70,js,ff8cc707,Igosain08,2025-05-02,17:43:17,-07:00,2025-05-02T17:43:17-07:00,0,32
global.js,71,js,ff8cc707,Igosain08,2025-05-02,17:43:17,-07:00,2025-05-02T17:43:17-07:00,0,45
global.js,72,js,ff8cc707,Igosain08,2025-05-02,17:43:17,-07:00,2025-05-02T17:43:17-07:00,0,65
global.js,73,js,ff8cc707,Igosain08,2025-05-02,17:43:17,-07:00,2025-05-02T17:43:17-07:00,0,32
global.js,74,js,f788d9de,Igosain08,2025-04-25,20:51:50,-07:00,2025-04-25T20:51:50-07:00,0,2
global.js,75,js,f788d9de,Igosain08,2025-04-25,20:51:50,-07:00,2025-04-25T20:51:50-07:00,0,0
global.js,76,js,ff8cc707,Igosain08,2025-05-02,17:43:17,-07:00,2025-05-02T17:43:17-07:00,0,43
global.js,77,js,f788d9de,Igosain08,2025-04-25,20:51:50,-07:00,2025-04-25T20:51:50-07:00,0,0
global.js,78,js,ff8cc707,Igosain08,2025-05-02,17:43:17,-07:00,2025-05-02T17:43:17-07:00,0,50
global.js,79,js,ff8cc707,Igosain08,2025-05-02,17:43:17,-07:00,2025-05-02T17:43:17-07:00,0,22
global.js,80,js,f788d9de,Igosain08,2025-04-25,20:51:50,-07:00,2025-04-25T20:51:50-07:00,0,0
global.js,81,js,f788d9de,Igosain08,2025-04-25,20:51:50,-07:00,2025-04-25T20:51:50-07:00,0,31
global.js,82,js,ff8cc707,Igosain08,2025-05-02,17:43:17,-07:00,2025-05-02T17:43:17-07:00,0,27
global.js,83,js,f788d9de,Igosain08,2025-04-25,20:51:50,-07:00,2025-04-25T20:51:50-07:00,0,17
global.js,84,js,f788d9de,Igosain08,2025-04-25,20:51:50,-07:00,2025-04-25T20:51:50-07:00,0,0
global.js,85,js,f788d9de,Igosain08,2025-04-25,20:51:50,-07:00,2025-04-25T20:51:50-07:00,0,32
global.js,86,js,f788d9de,Igosain08,2025-04-25,20:51:50,-07:00,2025-04-25T20:51:50-07:00,0,51
global.js,87,js,f788d9de,Igosain08,2025-04-25,20:51:50,-07:00,2025-04-25T20:51:50-07:00,0,0
global.js,88,js,f788d9de,Igosain08,2025-04-25,20:51:50,-07:00,2025-04-25T20:51:50-07:00,0,0
global.js,89,js,ff8cc707,Igosain08,2025-05-02,17:43:17,-07:00,2025-05-02T17:43:17-07:00,0,23
global.js,90,js,f788d9de,Igosain08,2025-04-25,20:51:50,-07:00,2025-04-25T20:51:50-07:00,0,0
global.js,91,js,ff8cc707,Igosain08,2025-05-02,17:43:17,-07:00,2025-05-02T17:43:17-07:00,0,19
global.js,92,js,f788d9de,Igosain08,2025-04-25,20:51:50,-07:00,2025-04-25T20:51:50-07:00,0,2
global.js,93,js,f788d9de,Igosain08,2025-04-25,20:51:50,-07:00,2025-04-25T20:51:50-07:00,0,0
global.js,94,js,f788d9de,Igosain08,2025-04-25,20:51:50,-07:00,2025-04-25T20:51:50-07:00,0,37
global.js,95,js,f788d9de,Igosain08,2025-04-25,20:51:50,-07:00,2025-04-25T20:51:50-07:00,0,4
global.js,96,js,ff8cc707,Igosain08,2025-05-02,17:43:17,-07:00,2025-05-02T17:43:17-07:00,0,40
global.js,97,js,f788d9de,Igosain08,2025-04-25,20:51:50,-07:00,2025-04-25T20:51:50-07:00,0,33
global.js,98,js,f788d9de,Igosain08,2025-04-25,20:51:50,-07:00,2025-04-25T20:51:50-07:00,0,0
global.js,99,js,f788d9de,Igosain08,2025-04-25,20:51:50,-07:00,2025-04-25T20:51:50-07:00,0,18
global.js,100,js,f788d9de,Igosain08,2025-04-25,20:51:50,-07:00,2025-04-25T20:51:50-07:00,0,67
global.js,101,js,f788d9de,Igosain08,2025-04-25,20:51:50,-07:00,2025-04-25T20:51:50-07:00,0,0
global.js,102,js,f788d9de,Igosain08,2025-04-25,20:51:50,-07:00,2025-04-25T20:51:50-07:00,0,0
global.js,103,js,f788d9de,Igosain08,2025-04-25,20:51:50,-07:00,2025-04-25T20:51:50-07:00,0,34
global.js,104,js,f788d9de,Igosain08,2025-04-25,20:51:50,-07:00,2025-04-25T20:51:50-07:00,0,11
global.js,105,js,f788d9de,Igosain08,2025-04-25,20:51:50,-07:00,2025-04-25T20:51:50-07:00,0,0
global.js,106,js,f788d9de,Igosain08,2025-04-25,20:51:50,-07:00,2025-04-25T20:51:50-07:00,0,16
global.js,107,js,f788d9de,Igosain08,2025-04-25,20:51:50,-07:00,2025-04-25T20:51:50-07:00,0,60
global.js,108,js,f788d9de,Igosain08,2025-04-25,20:51:50,-07:00,2025-04-25T20:51:50-07:00,0,0
global.js,109,js,f788d9de,Igosain08,2025-04-25,20:51:50,-07:00,2025-04-25T20:51:50-07:00,0,0
global.js,110,js,f788d9de,Igosain08,2025-04-25,20:51:50,-07:00,2025-04-25T20:51:50-07:00,0,0
global.js,111,js,ff8cc707,Igosain08,2025-05-02,17:43:17,-07:00,2025-05-02T17:43:17-07:00,0,80
global.js,112,js,ff8cc707,Igosain08,2025-05-02,17:43:17,-07:00,2025-05-02T17:43:17-07:00,0,31
global.js,113,js,ff8cc707,Igosain08,2025-05-02,17:43:17,-07:00,2025-05-02T17:43:17-07:00,0,0
global.js,114,js,ff8cc707,Igosain08,2025-05-02,17:43:17,-07:00,2025-05-02T17:43:17-07:00,0,62
global.js,115,js,ff8cc707,Igosain08,2025-05-02,17:43:17,-07:00,2025-05-02T17:43:17-07:00,0,18
global.js,116,js,ff8cc707,Igosain08,2025-05-02,17:43:17,-07:00,2025-05-02T17:43:17-07:00,0,42
global.js,117,js,ff8cc707,Igosain08,2025-05-02,17:43:17,-07:00,2025-05-02T17:43:17-07:00,0,0
global.js,118,js,f788d9de,Igosain08,2025-04-25,20:51:50,-07:00,2025-04-25T20:51:50-07:00,0,0
global.js,119,js,ff8cc707,Igosain08,2025-05-02,17:43:17,-07:00,2025-05-02T17:43:17-07:00,0,32
global.js,120,js,ff8cc707,Igosain08,2025-05-02,17:43:17,-07:00,2025-05-02T17:43:17-07:00,0,49
global.js,121,js,ff8cc707,Igosain08,2025-05-02,17:43:17,-07:00,2025-05-02T17:43:17-07:00,0,0
global.js,122,js,ff8cc707,Igosain08,2025-05-02,17:43:17,-07:00,2025-05-02T17:43:17-07:00,0,20
global.js,123,js,ff8cc707,Igosain08,2025-05-02,17:43:17,-07:00,2025-05-02T17:43:17-07:00,0,50
global.js,124,js,ff8cc707,Igosain08,2025-05-02,17:43:17,-07:00,2025-05-02T17:43:17-07:00,0,50
global.js,125,js,ff8cc707,Igosain08,2025-05-02,17:43:17,-07:00,2025-05-02T17:43:17-07:00,0,4
global.js,126,js,ff8cc707,Igosain08,2025-05-02,17:43:17,-07:00,2025-05-02T17:43:17-07:00,0,28
global.js,127,js,ff8cc707,Igosain08,2025-05-02,17:43:17,-07:00,2025-05-02T17:43:17-07:00,0,37
global.js,128,js,ff8cc707,Igosain08,2025-05-02,17:43:17,-07:00,2025-05-02T17:43:17-07:00,0,5
global.js,129,js,ff8cc707,Igosain08,2025-05-02,17:43:17,-07:00,2025-05-02T17:43:17-07:00,0,1
global.js,130,js,ff8cc707,Igosain08,2025-05-02,17:43:17,-07:00,2025-05-02T17:43:17-07:00,0,0
global.js,131,js,ff8cc707,Igosain08,2025-05-02,17:43:17,-07:00,2025-05-02T17:43:17-07:00,0,37
global.js,132,js,f788d9de,Igosain08,2025-04-25,20:51:50,-07:00,2025-04-25T20:51:50-07:00,0,0
global.js,133,js,f788d9de,Igosain08,2025-04-25,20:51:50,-07:00,2025-04-25T20:51:50-07:00,0,0
global.js,134,js,ff8cc707,Igosain08,2025-05-02,17:43:17,-07:00,2025-05-02T17:43:17-07:00,0,0
global.js,135,js,ff8cc707,Igosain08,2025-05-02,17:43:17,-07:00,2025-05-02T17:43:17-07:00,0,40
global.js,136,js,ff8cc707,Igosain08,2025-05-02,17:43:17,-07:00,2025-05-02T17:43:17-07:00,0,58
global.js,137,js,f788d9de,Igosain08,2025-04-25,20:51:50,-07:00,2025-04-25T20:51:50-07:00,0,0
resume/index.html,1,html,f788d9de,Igosain08,2025-04-25,20:51:50,-07:00,2025-04-25T20:51:50-07:00,0,14
resume/index.html,2,html,f788d9de,Igosain08,2025-04-25,20:51:50,-07:00,2025-04-25T20:51:50-07:00,0,15
resume/index.html,3,html,f788d9de,Igosain08,2025-04-25,20:51:50,-07:00,2025-04-25T20:51:50-07:00,0,5
resume/index.html,4,html,f788d9de,Igosain08,2025-04-25,20:51:50,-07:00,2025-04-25T20:51:50-07:00,0,23
resume/index.html,5,html,f788d9de,Igosain08,2025-04-25,20:51:50,-07:00,2025-04-25T20:51:50-07:00,0,71
resume/index.html,6,html,f788d9de,Igosain08,2025-04-25,20:51:50,-07:00,2025-04-25T20:51:50-07:00,0,35
resume/index.html,7,html,f788d9de,Igosain08,2025-04-25,20:51:50,-07:00,2025-04-25T20:51:50-07:00,0,44
resume/index.html,8,html,f788d9de,Igosain08,2025-04-25,20:51:50,-07:00,2025-04-25T20:51:50-07:00,0,6
resume/index.html,9,html,f788d9de,Igosain08,2025-04-25,20:51:50,-07:00,2025-04-25T20:51:50-07:00,0,5
resume/index.html,10,html,f788d9de,Igosain08,2025-04-25,20:51:50,-07:00,2025-04-25T20:51:50-07:00,0,0
resume/index.html,11,html,f788d9de,Igosain08,2025-04-25,20:51:50,-07:00,2025-04-25T20:51:50-07:00,0,9
resume/index.html,12,html,f788d9de,Igosain08,2025-04-25,20:51:50,-07:00,2025-04-25T20:51:50-07:00,0,31
resume/index.html,13,html,f788d9de,Igosain08,2025-04-25,20:51:50,-07:00,2025-04-25T20:51:50-07:00,0,44
resume/index.html,14,html,f788d9de,Igosain08,2025-04-25,20:51:50,-07:00,2025-04-25T20:51:50-07:00,0,42
resume/index.html,15,html,f788d9de,Igosain08,2025-04-25,20:51:50,-07:00,2025-04-25T20:51:50-07:00,0,56
resume/index.html,16,html,f788d9de,Igosain08,2025-04-25,20:51:50,-07:00,2025-04-25T20:51:50-07:00,0,64
resume/index.html,17,html,f788d9de,Igosain08,2025-04-25,20:51:50,-07:00,2025-04-25T20:51:50-07:00,0,9
resume/index.html,18,html,f788d9de,Igosain08,2025-04-25,20:51:50,-07:00,2025-04-25T20:51:50-07:00,0,0
resume/index.html,19,html,f788d9de,Igosain08,2025-04-25,20:51:50,-07:00,2025-04-25T20:51:50-07:00,0,0
resume/index.html,20,html,f788d9de,Igosain08,2025-04-25,20:51:50,-07:00,2025-04-25T20:51:50-07:00,0,0
resume/index.html,21,html,f788d9de,Igosain08,2025-04-25,20:51:50,-07:00,2025-04-25T20:51:50-07:00,0,0
resume/index.html,22,html,f788d9de,Igosain08,2025-04-25,20:51:50,-07:00,2025-04-25T20:51:50-07:00,0,30
resume/index.html,23,html,f788d9de,Igosain08,2025-04-25,20:51:50,-07:00,2025-04-25T20:51:50-07:00,0,0
resume/index.html,24,html,f788d9de,Igosain08,2025-04-25,20:51:50,-07:00,2025-04-25T20:51:50-07:00,0,8
resume/index.html,25,html,f788d9de,Igosain08,2025-04-25,20:51:50,-07:00,2025-04-25T20:51:50-07:00,0,34
resume/index.html,26,html,f788d9de,Igosain08,2025-04-25,20:51:50,-07:00,2025-04-25T20:51:50-07:00,0,8
resume/index.html,27,html,f788d9de,Igosain08,2025-04-25,20:51:50,-07:00,2025-04-25T20:51:50-07:00,0,43
resume/index.html,28,html,f788d9de,Igosain08,2025-04-25,20:51:50,-07:00,2025-04-25T20:51:50-07:00,0,82
resume/index.html,29,html,f788d9de,Igosain08,2025-04-25,20:51:50,-07:00,2025-04-25T20:51:50-07:00,0,57
resume/index.html,30,html,f788d9de,Igosain08,2025-04-25,20:51:50,-07:00,2025-04-25T20:51:50-07:00,0,9
resume/index.html,31,html,f788d9de,Igosain08,2025-04-25,20:51:50,-07:00,2025-04-25T20:51:50-07:00,0,9
resume/index.html,32,html,f788d9de,Igosain08,2025-04-25,20:51:50,-07:00,2025-04-25T20:51:50-07:00,0,0
resume/index.html,33,html,f788d9de,Igosain08,2025-04-25,20:51:50,-07:00,2025-04-25T20:51:50-07:00,0,8
resume/index.html,34,html,f788d9de,Igosain08,2025-04-25,20:51:50,-07:00,2025-04-25T20:51:50-07:00,0,40
resume/index.html,35,html,f788d9de,Igosain08,2025-04-25,20:51:50,-07:00,2025-04-25T20:51:50-07:00,0,0
resume/index.html,36,html,f788d9de,Igosain08,2025-04-25,20:51:50,-07:00,2025-04-25T20:51:50-07:00,0,8
resume/index.html,37,html,f788d9de,Igosain08,2025-04-25,20:51:50,-07:00,2025-04-25T20:51:50-07:00,0,42
resume/index.html,38,html,f788d9de,Igosain08,2025-04-25,20:51:50,-07:00,2025-04-25T20:51:50-07:00,0,49
resume/index.html,39,html,f788d9de,Igosain08,2025-04-25,20:51:50,-07:00,2025-04-25T20:51:50-07:00,0,3
resume/index.html,40,html,f788d9de,Igosain08,2025-04-25,20:51:50,-07:00,2025-04-25T20:51:50-07:00,0,140
resume/index.html,41,html,f788d9de,Igosain08,2025-04-25,20:51:50,-07:00,2025-04-25T20:51:50-07:00,0,107
resume/index.html,42,html,f788d9de,Igosain08,2025-04-25,20:51:50,-07:00,2025-04-25T20:51:50-07:00,0,105
resume/index.html,43,html,f788d9de,Igosain08,2025-04-25,20:51:50,-07:00,2025-04-25T20:51:50-07:00,0,65
resume/index.html,44,html,f788d9de,Igosain08,2025-04-25,20:51:50,-07:00,2025-04-25T20:51:50-07:00,0,68
resume/index.html,45,html,f788d9de,Igosain08,2025-04-25,20:51:50,-07:00,2025-04-25T20:51:50-07:00,0,4
resume/index.html,46,html,f788d9de,Igosain08,2025-04-25,20:51:50,-07:00,2025-04-25T20:51:50-07:00,0,9
resume/index.html,47,html,f788d9de,Igosain08,2025-04-25,20:51:50,-07:00,2025-04-25T20:51:50-07:00,0,0
resume/index.html,48,html,f788d9de,Igosain08,2025-04-25,20:51:50,-07:00,2025-04-25T20:51:50-07:00,0,8
resume/index.html,49,html,f788d9de,Igosain08,2025-04-25,20:51:50,-07:00,2025-04-25T20:51:50-07:00,0,58
resume/index.html,50,html,f788d9de,Igosain08,2025-04-25,20:51:50,-07:00,2025-04-25T20:51:50-07:00,0,83
resume/index.html,51,html,f788d9de,Igosain08,2025-04-25,20:51:50,-07:00,2025-04-25T20:51:50-07:00,0,3
resume/index.html,52,html,f788d9de,Igosain08,2025-04-25,20:51:50,-07:00,2025-04-25T20:51:50-07:00,0,111
resume/index.html,53,html,f788d9de,Igosain08,2025-04-25,20:51:50,-07:00,2025-04-25T20:51:50-07:00,0,97
resume/index.html,54,html,f788d9de,Igosain08,2025-04-25,20:51:50,-07:00,2025-04-25T20:51:50-07:00,0,74
resume/index.html,55,html,f788d9de,Igosain08,2025-04-25,20:51:50,-07:00,2025-04-25T20:51:50-07:00,0,106
resume/index.html,56,html,f788d9de,Igosain08,2025-04-25,20:51:50,-07:00,2025-04-25T20:51:50-07:00,0,4
resume/index.html,57,html,f788d9de,Igosain08,2025-04-25,20:51:50,-07:00,2025-04-25T20:51:50-07:00,0,9
resume/index.html,58,html,f788d9de,Igosain08,2025-04-25,20:51:50,-07:00,2025-04-25T20:51:50-07:00,0,9
resume/index.html,59,html,f788d9de,Igosain08,2025-04-25,20:51:50,-07:00,2025-04-25T20:51:50-07:00,0,0
resume/index.html,60,html,f788d9de,Igosain08,2025-04-25,20:51:50,-07:00,2025-04-25T20:51:50-07:00,0,8
resume/index.html,61,html,f788d9de,Igosain08,2025-04-25,20:51:50,-07:00,2025-04-25T20:51:50-07:00,0,33
resume/index.html,62,html,f788d9de,Igosain08,2025-04-25,20:51:50,-07:00,2025-04-25T20:51:50-07:00,0,0
resume/index.html,63,html,f788d9de,Igosain08,2025-04-25,20:51:50,-07:00,2025-04-25T20:51:50-07:00,0,8
resume/index.html,64,html,f788d9de,Igosain08,2025-04-25,20:51:50,-07:00,2025-04-25T20:51:50-07:00,0,60
resume/index.html,65,html,f788d9de,Igosain08,2025-04-25,20:51:50,-07:00,2025-04-25T20:51:50-07:00,0,82
resume/index.html,66,html,f788d9de,Igosain08,2025-04-25,20:51:50,-07:00,2025-04-25T20:51:50-07:00,0,3
resume/index.html,67,html,f788d9de,Igosain08,2025-04-25,20:51:50,-07:00,2025-04-25T20:51:50-07:00,0,105
resume/index.html,68,html,f788d9de,Igosain08,2025-04-25,20:51:50,-07:00,2025-04-25T20:51:50-07:00,0,93
resume/index.html,69,html,f788d9de,Igosain08,2025-04-25,20:51:50,-07:00,2025-04-25T20:51:50-07:00,0,72
resume/index.html,70,html,f788d9de,Igosain08,2025-04-25,20:51:50,-07:00,2025-04-25T20:51:50-07:00,0,78
resume/index.html,71,html,f788d9de,Igosain08,2025-04-25,20:51:50,-07:00,2025-04-25T20:51:50-07:00,0,92
resume/index.html,72,html,f788d9de,Igosain08,2025-04-25,20:51:50,-07:00,2025-04-25T20:51:50-07:00,0,4
resume/index.html,73,html,f788d9de,Igosain08,2025-04-25,20:51:50,-07:00,2025-04-25T20:51:50-07:00,0,9
resume/index.html,74,html,f788d9de,Igosain08,2025-04-25,20:51:50,-07:00,2025-04-25T20:51:50-07:00,0,0
resume/index.html,75,html,f788d9de,Igosain08,2025-04-25,20:51:50,-07:00,2025-04-25T20:51:50-07:00,0,8
resume/index.html,76,html,f788d9de,Igosain08,2025-04-25,20:51:50,-07:00,2025-04-25T20:51:50-07:00,0,72
resume/index.html,77,html,f788d9de,Igosain08,2025-04-25,20:51:50,-07:00,2025-04-25T20:51:50-07:00,0,82
resume/index.html,78,html,f788d9de,Igosain08,2025-04-25,20:51:50,-07:00,2025-04-25T20:51:50-07:00,0,3
resume/index.html,79,html,f788d9de,Igosain08,2025-04-25,20:51:50,-07:00,2025-04-25T20:51:50-07:00,0,70
resume/index.html,80,html,f788d9de,Igosain08,2025-04-25,20:51:50,-07:00,2025-04-25T20:51:50-07:00,0,82
resume/index.html,81,html,f788d9de,Igosain08,2025-04-25,20:51:50,-07:00,2025-04-25T20:51:50-07:00,0,76
resume/index.html,82,html,f788d9de,Igosain08,2025-04-25,20:51:50,-07:00,2025-04-25T20:51:50-07:00,0,4
resume/index.html,83,html,f788d9de,Igosain08,2025-04-25,20:51:50,-07:00,2025-04-25T20:51:50-07:00,0,9
resume/index.html,84,html,f788d9de,Igosain08,2025-04-25,20:51:50,-07:00,2025-04-25T20:51:50-07:00,0,0
resume/index.html,85,html,f788d9de,Igosain08,2025-04-25,20:51:50,-07:00,2025-04-25T20:51:50-07:00,0,8
resume/index.html,86,html,f788d9de,Igosain08,2025-04-25,20:51:50,-07:00,2025-04-25T20:51:50-07:00,0,52
resume/index.html,87,html,f788d9de,Igosain08,2025-04-25,20:51:50,-07:00,2025-04-25T20:51:50-07:00,0,83
resume/index.html,88,html,f788d9de,Igosain08,2025-04-25,20:51:50,-07:00,2025-04-25T20:51:50-07:00,0,3
resume/index.html,89,html,f788d9de,Igosain08,2025-04-25,20:51:50,-07:00,2025-04-25T20:51:50-07:00,0,71
resume/index.html,90,html,f788d9de,Igosain08,2025-04-25,20:51:50,-07:00,2025-04-25T20:51:50-07:00,0,93
resume/index.html,91,html,f788d9de,Igosain08,2025-04-25,20:51:50,-07:00,2025-04-25T20:51:50-07:00,0,62
resume/index.html,92,html,f788d9de,Igosain08,2025-04-25,20:51:50,-07:00,2025-04-25T20:51:50-07:00,0,4
resume/index.html,93,html,f788d9de,Igosain08,2025-04-25,20:51:50,-07:00,2025-04-25T20:51:50-07:00,0,9
resume/index.html,94,html,f788d9de,Igosain08,2025-04-25,20:51:50,-07:00,2025-04-25T20:51:50-07:00,0,9
resume/index.html,95,html,f788d9de,Igosain08,2025-04-25,20:51:50,-07:00,2025-04-25T20:51:50-07:00,0,0
resume/index.html,96,html,f788d9de,Igosain08,2025-04-25,20:51:50,-07:00,2025-04-25T20:51:50-07:00,0,8
resume/index.html,97,html,f788d9de,Igosain08,2025-04-25,20:51:50,-07:00,2025-04-25T20:51:50-07:00,0,47
resume/index.html,98,html,f788d9de,Igosain08,2025-04-25,20:51:50,-07:00,2025-04-25T20:51:50-07:00,0,8
resume/index.html,99,html,f788d9de,Igosain08,2025-04-25,20:51:50,-07:00,2025-04-25T20:51:50-07:00,0,24
resume/index.html,100,html,f788d9de,Igosain08,2025-04-25,20:51:50,-07:00,2025-04-25T20:51:50-07:00,0,3
resume/index.html,101,html,f788d9de,Igosain08,2025-04-25,20:51:50,-07:00,2025-04-25T20:51:50-07:00,0,72
resume/index.html,102,html,f788d9de,Igosain08,2025-04-25,20:51:50,-07:00,2025-04-25T20:51:50-07:00,0,54
resume/index.html,103,html,f788d9de,Igosain08,2025-04-25,20:51:50,-07:00,2025-04-25T20:51:50-07:00,0,84
resume/index.html,104,html,f788d9de,Igosain08,2025-04-25,20:51:50,-07:00,2025-04-25T20:51:50-07:00,0,4
resume/index.html,105,html,f788d9de,Igosain08,2025-04-25,20:51:50,-07:00,2025-04-25T20:51:50-07:00,0,9
resume/index.html,106,html,f788d9de,Igosain08,2025-04-25,20:51:50,-07:00,2025-04-25T20:51:50-07:00,0,0
resume/index.html,107,html,f788d9de,Igosain08,2025-04-25,20:51:50,-07:00,2025-04-25T20:51:50-07:00,0,8
resume/index.html,108,html,f788d9de,Igosain08,2025-04-25,20:51:50,-07:00,2025-04-25T20:51:50-07:00,0,17
resume/index.html,109,html,f788d9de,Igosain08,2025-04-25,20:51:50,-07:00,2025-04-25T20:51:50-07:00,0,3
resume/index.html,110,html,f788d9de,Igosain08,2025-04-25,20:51:50,-07:00,2025-04-25T20:51:50-07:00,0,22
resume/index.html,111,html,f788d9de,Igosain08,2025-04-25,20:51:50,-07:00,2025-04-25T20:51:50-07:00,0,24
resume/index.html,112,html,f788d9de,Igosain08,2025-04-25,20:51:50,-07:00,2025-04-25T20:51:50-07:00,0,4
resume/index.html,113,html,f788d9de,Igosain08,2025-04-25,20:51:50,-07:00,2025-04-25T20:51:50-07:00,0,9
resume/index.html,114,html,f788d9de,Igosain08,2025-04-25,20:51:50,-07:00,2025-04-25T20:51:50-07:00,0,0
resume/index.html,115,html,f788d9de,Igosain08,2025-04-25,20:51:50,-07:00,2025-04-25T20:51:50-07:00,0,8
resume/index.html,116,html,f788d9de,Igosain08,2025-04-25,20:51:50,-07:00,2025-04-25T20:51:50-07:00,0,17
resume/index.html,117,html,f788d9de,Igosain08,2025-04-25,20:51:50,-07:00,2025-04-25T20:51:50-07:00,0,3
resume/index.html,118,html,f788d9de,Igosain08,2025-04-25,20:51:50,-07:00,2025-04-25T20:51:50-07:00,0,14
resume/index.html,119,html,f788d9de,Igosain08,2025-04-25,20:51:50,-07:00,2025-04-25T20:51:50-07:00,0,21
resume/index.html,120,html,f788d9de,Igosain08,2025-04-25,20:51:50,-07:00,2025-04-25T20:51:50-07:00,0,19
resume/index.html,121,html,f788d9de,Igosain08,2025-04-25,20:51:50,-07:00,2025-04-25T20:51:50-07:00,0,4
resume/index.html,122,html,f788d9de,Igosain08,2025-04-25,20:51:50,-07:00,2025-04-25T20:51:50-07:00,0,9
resume/index.html,123,html,f788d9de,Igosain08,2025-04-25,20:51:50,-07:00,2025-04-25T20:51:50-07:00,0,9
resume/index.html,124,html,f788d9de,Igosain08,2025-04-25,20:51:50,-07:00,2025-04-25T20:51:50-07:00,0,49
resume/index.html,125,html,f788d9de,Igosain08,2025-04-25,20:51:50,-07:00,2025-04-25T20:51:50-07:00,0,0
resume/index.html,126,html,f788d9de,Igosain08,2025-04-25,20:51:50,-07:00,2025-04-25T20:51:50-07:00,0,0
resume/index.html,127,html,f788d9de,Igosain08,2025-04-25,20:51:50,-07:00,2025-04-25T20:51:50-07:00,0,6
resume/index.html,128,html,f788d9de,Igosain08,2025-04-25,20:51:50,-07:00,2025-04-25T20:51:50-07:00,0,6
projects/projects.js,1,js,ff8cc707,Igosain08,2025-05-02,17:43:17,-07:00,2025-05-02T17:43:17-07:00,0,0
projects/projects.js,2,js,ff8cc707,Igosain08,2025-05-02,17:43:17,-07:00,2025-05-02T17:43:17-07:00,0,0
projects/projects.js,3,js,ff8cc707,Igosain08,2025-05-02,17:43:17,-07:00,2025-05-02T17:43:17-07:00,0,56
projects/projects.js,4,js,ff8cc707,Igosain08,2025-05-02,17:43:17,-07:00,2025-05-02T17:43:17-07:00,0,64
projects/projects.js,5,js,ff8cc707,Igosain08,2025-05-02,17:43:17,-07:00,2025-05-02T17:43:17-07:00,0,0
projects/projects.js,6,js,ff8cc707,Igosain08,2025-05-02,17:43:17,-07:00,2025-05-02T17:43:17-07:00,0,31
projects/projects.js,7,js,ff8cc707,Igosain08,2025-05-02,17:43:17,-07:00,2025-05-02T17:43:17-07:00,0,14
projects/projects.js,8,js,ff8cc707,Igosain08,2025-05-02,17:43:17,-07:00,2025-05-02T17:43:17-07:00,0,22
projects/projects.js,9,js,ff8cc707,Igosain08,2025-05-02,17:43:17,-07:00,2025-05-02T17:43:17-07:00,0,0
projects/projects.js,10,js,ff8cc707,Igosain08,2025-05-02,17:43:17,-07:00,2025-05-02T17:43:17-07:00,0,56
projects/projects.js,11,js,ff8cc707,Igosain08,2025-05-02,17:43:17,-07:00,2025-05-02T17:43:17-07:00,0,61
projects/projects.js,12,js,ff8cc707,Igosain08,2025-05-02,17:43:17,-07:00,2025-05-02T17:43:17-07:00,0,56
projects/projects.js,13,js,ff8cc707,Igosain08,2025-05-02,17:43:17,-07:00,2025-05-02T17:43:17-07:00,0,0
projects/projects.js,14,js,ff8cc707,Igosain08,2025-05-02,17:43:17,-07:00,2025-05-02T17:43:17-07:00,0,49
projects/projects.js,15,js,ff8cc707,Igosain08,2025-05-02,17:43:17,-07:00,2025-05-02T17:43:17-07:00,0,24
projects/projects.js,16,js,ff8cc707,Igosain08,2025-05-02,17:43:17,-07:00,2025-05-02T17:43:17-07:00,0,0
projects/projects.js,17,js,ff8cc707,Igosain08,2025-05-02,17:43:17,-07:00,2025-05-02T17:43:17-07:00,0,38
projects/projects.js,18,js,ff8cc707,Igosain08,2025-05-02,17:43:17,-07:00,2025-05-02T17:43:17-07:00,0,50
projects/projects.js,19,js,ff8cc707,Igosain08,2025-05-02,17:43:17,-07:00,2025-05-02T17:43:17-07:00,0,26
projects/projects.js,20,js,ff8cc707,Igosain08,2025-05-02,17:43:17,-07:00,2025-05-02T17:43:17-07:00,0,0
projects/projects.js,21,js,ff8cc707,Igosain08,2025-05-02,17:43:17,-07:00,2025-05-02T17:43:17-07:00,0,54
projects/projects.js,22,js,ff8cc707,Igosain08,2025-05-02,17:43:17,-07:00,2025-05-02T17:43:17-07:00,0,62
projects/projects.js,23,js,ff8cc707,Igosain08,2025-05-02,17:43:17,-07:00,2025-05-02T17:43:17-07:00,0,43
projects/projects.js,24,js,ff8cc707,Igosain08,2025-05-02,17:43:17,-07:00,2025-05-02T17:43:17-07:00,0,2
projects/projects.js,25,js,ff8cc707,Igosain08,2025-05-02,17:43:17,-07:00,2025-05-02T17:43:17-07:00,0,0
projects/projects.js,26,js,ff8cc707,Igosain08,2025-05-02,17:43:17,-07:00,2025-05-02T17:43:17-07:00,0,57
projects/projects.js,27,js,ff8cc707,Igosain08,2025-05-02,17:43:17,-07:00,2025-05-02T17:43:17-07:00,0,32
projects/projects.js,28,js,ff8cc707,Igosain08,2025-05-02,17:43:17,-07:00,2025-05-02T17:43:17-07:00,0,2
projects/projects.js,29,js,ff8cc707,Igosain08,2025-05-02,17:43:17,-07:00,2025-05-02T17:43:17-07:00,0,0
projects/projects.js,30,js,ff8cc707,Igosain08,2025-05-02,17:43:17,-07:00,2025-05-02T17:43:17-07:00,0,40
projects/projects.js,31,js,ff8cc707,Igosain08,2025-05-02,17:43:17,-07:00,2025-05-02T17:43:17-07:00,0,39
projects/projects.js,32,js,ff8cc707,Igosain08,2025-05-02,17:43:17,-07:00,2025-05-02T17:43:17-07:00,0,29
projects/projects.js,33,js,ff8cc707,Igosain08,2025-05-02,17:43:17,-07:00,2025-05-02T17:43:17-07:00,0,13
projects/projects.js,34,js,ff8cc707,Igosain08,2025-05-02,17:43:17,-07:00,2025-05-02T17:43:17-07:00,0,15
projects/projects.js,35,js,ff8cc707,Igosain08,2025-05-02,17:43:17,-07:00,2025-05-02T17:43:17-07:00,0,12
projects/projects.js,36,js,ff8cc707,Igosain08,2025-05-02,17:43:17,-07:00,2025-05-02T17:43:17-07:00,0,1
projects/projects.js,37,js,ff8cc707,Igosain08,2025-05-02,17:43:17,-07:00,2025-05-02T17:43:17-07:00,0,0
projects/projects.js,38,js,ff8cc707,Igosain08,2025-05-02,17:43:17,-07:00,2025-05-02T17:43:17-07:00,0,48
projects/projects.js,39,js,ff8cc707,Igosain08,2025-05-02,17:43:17,-07:00,2025-05-02T17:43:17-07:00,0,12
projects/projects.js,40,js,ff8cc707,Igosain08,2025-05-02,17:43:17,-07:00,2025-05-02T17:43:17-07:00,0,11
projects/projects.js,41,js,ff8cc707,Igosain08,2025-05-02,17:43:17,-07:00,2025-05-02T17:43:17-07:00,0,3
projects/projects.js,42,js,ff8cc707,Igosain08,2025-05-02,17:43:17,-07:00,2025-05-02T17:43:17-07:00,0,0
projects/projects.js,43,js,ff8cc707,Igosain08,2025-05-02,17:43:17,-07:00,2025-05-02T17:43:17-07:00,0,60
projects/projects.js,44,js,ff8cc707,Igosain08,2025-05-02,17:43:17,-07:00,2025-05-02T17:43:17-07:00,0,53
projects/projects.js,45,js,ff8cc707,Igosain08,2025-05-02,17:43:17,-07:00,2025-05-02T17:43:17-07:00,0,36
projects/projects.js,46,js,ff8cc707,Igosain08,2025-05-02,17:43:17,-07:00,2025-05-02T17:43:17-07:00,0,48
projects/projects.js,47,js,ff8cc707,Igosain08,2025-05-02,17:43:17,-07:00,2025-05-02T17:43:17-07:00,0,0
projects/projects.js,48,js,ff8cc707,Igosain08,2025-05-02,17:43:17,-07:00,2025-05-02T17:43:17-07:00,0,50
projects/projects.js,49,js,ff8cc707,Igosain08,2025-05-02,17:43:17,-07:00,2025-05-02T17:43:17-07:00,0,0
projects/projects.js,50,js,ff8cc707,Igosain08,2025-05-02,17:43:17,-07:00,2025-05-02T17:43:17-07:00,0,39
projects/projects.js,51,js,ff8cc707,Igosain08,2025-05-02,17:43:17,-07:00,2025-05-02T17:43:17-07:00,0,43
projects/projects.js,52,js,ff8cc707,Igosain08,2025-05-02,17:43:17,-07:00,2025-05-02T17:43:17-07:00,0,30
projects/projects.js,53,js,ff8cc707,Igosain08,2025-05-02,17:43:17,-07:00,2025-05-02T17:43:17-07:00,0,0
projects/projects.js,54,js,ff8cc707,Igosain08,2025-05-02,17:43:17,-07:00,2025-05-02T17:43:17-07:00,0,35
projects/projects.js,55,js,ff8cc707,Igosain08,2025-05-02,17:43:17,-07:00,2025-05-02T17:43:17-07:00,0,31
projects/projects.js,56,js,ff8cc707,Igosain08,2025-05-02,17:43:17,-07:00,2025-05-02T17:43:17-07:00,0,0
projects/projects.js,57,js,ff8cc707,Igosain08,2025-05-02,17:43:17,-07:00,2025-05-02T17:43:17-07:00,0,21
projects/projects.js,58,js,ff8cc707,Igosain08,2025-05-02,17:43:17,-07:00,2025-05-02T17:43:17-07:00,0,25
projects/projects.js,59,js,ff8cc707,Igosain08,2025-05-02,17:43:17,-07:00,2025-05-02T17:43:17-07:00,0,2
projects/projects.js,60,js,ff8cc707,Igosain08,2025-05-02,17:43:17,-07:00,2025-05-02T17:43:17-07:00,0,14
projects/projects.js,61,js,ff8cc707,Igosain08,2025-05-02,17:43:17,-07:00,2025-05-02T17:43:17-07:00,0,14
projects/projects.js,62,js,ff8cc707,Igosain08,2025-05-02,17:43:17,-07:00,2025-05-02T17:43:17-07:00,0,23
projects/projects.js,63,js,ff8cc707,Igosain08,2025-05-02,17:43:17,-07:00,2025-05-02T17:43:17-07:00,0,52
projects/projects.js,64,js,ff8cc707,Igosain08,2025-05-02,17:43:17,-07:00,2025-05-02T17:43:17-07:00,0,19
projects/projects.js,65,js,ff8cc707,Igosain08,2025-05-02,17:43:17,-07:00,2025-05-02T17:43:17-07:00,0,44
projects/projects.js,66,js,ff8cc707,Igosain08,2025-05-02,17:43:17,-07:00,2025-05-02T17:43:17-07:00,0,0
projects/projects.js,67,js,ff8cc707,Igosain08,2025-05-02,17:43:17,-07:00,2025-05-02T17:43:17-07:00,0,20
projects/projects.js,68,js,ff8cc707,Igosain08,2025-05-02,17:43:17,-07:00,2025-05-02T17:43:17-07:00,0,69
projects/projects.js,69,js,ff8cc707,Igosain08,2025-05-02,17:43:17,-07:00,2025-05-02T17:43:17-07:00,0,0
projects/projects.js,70,js,ff8cc707,Igosain08,2025-05-02,17:43:17,-07:00,2025-05-02T17:43:17-07:00,0,21
projects/projects.js,71,js,ff8cc707,Igosain08,2025-05-02,17:43:17,-07:00,2025-05-02T17:43:17-07:00,0,27
projects/projects.js,72,js,ff8cc707,Igosain08,2025-05-02,17:43:17,-07:00,2025-05-02T17:43:17-07:00,0,61
projects/projects.js,73,js,ff8cc707,Igosain08,2025-05-02,17:43:17,-07:00,2025-05-02T17:43:17-07:00,0,2
projects/projects.js,74,js,ff8cc707,Igosain08,2025-05-02,17:43:17,-07:00,2025-05-02T17:43:17-07:00,0,0
projects/projects.js,75,js,ff8cc707,Igosain08,2025-05-02,17:43:17,-07:00,2025-05-02T17:43:17-07:00,0,50
projects/projects.js,76,js,ff8cc707,Igosain08,2025-05-02,17:43:17,-07:00,2025-05-02T17:43:17-07:00,0,60
projects/projects.js,77,js,ff8cc707,Igosain08,2025-05-02,17:43:17,-07:00,2025-05-02T17:43:17-07:00,0,43
projects/projects.js,78,js,ff8cc707,Igosain08,2025-05-02,17:43:17,-07:00,2025-05-02T17:43:17-07:00,0,2
projects/projects.js,79,js,ff8cc707,Igosain08,2025-05-02,17:43:17,-07:00,2025-05-02T17:43:17-07:00,0,0
projects/projects.js,80,js,ff8cc707,Igosain08,2025-05-02,17:43:17,-07:00,2025-05-02T17:43:17-07:00,0,31
projects/projects.js,81,js,ff8cc707,Igosain08,2025-05-02,17:43:17,-07:00,2025-05-02T17:43:17-07:00,0,51
projects/projects.js,82,js,ff8cc707,Igosain08,2025-05-02,17:43:17,-07:00,2025-05-02T17:43:17-07:00,0,56
projects/projects.js,83,js,ff8cc707,Igosain08,2025-05-02,17:43:17,-07:00,2025-05-02T17:43:17-07:00,0,12
projects/projects.js,84,js,ff8cc707,Igosain08,2025-05-02,17:43:17,-07:00,2025-05-02T17:43:17-07:00,0,50
projects/projects.js,85,js,ff8cc707,Igosain08,2025-05-02,17:43:17,-07:00,2025-05-02T17:43:17-07:00,0,51
projects/projects.js,86,js,ff8cc707,Igosain08,2025-05-02,17:43:17,-07:00,2025-05-02T17:43:17-07:00,0,73
projects/projects.js,87,js,ff8cc707,Igosain08,2025-05-02,17:43:17,-07:00,2025-05-02T17:43:17-07:00,0,103
projects/projects.js,88,js,ff8cc707,Igosain08,2025-05-02,17:43:17,-07:00,2025-05-02T17:43:17-07:00,0,5
projects/projects.js,89,js,ff8cc707,Igosain08,2025-05-02,17:43:17,-07:00,2025-05-02T17:43:17-07:00,0,0
projects/projects.js,90,js,ff8cc707,Igosain08,2025-05-02,17:43:17,-07:00,2025-05-02T17:43:17-07:00,0,26
projects/projects.js,91,js,ff8cc707,Igosain08,2025-05-02,17:43:17,-07:00,2025-05-02T17:43:17-07:00,0,55
projects/projects.js,92,js,ff8cc707,Igosain08,2025-05-02,17:43:17,-07:00,2025-05-02T17:43:17-07:00,0,7
projects/projects.js,93,js,ff8cc707,Igosain08,2025-05-02,17:43:17,-07:00,2025-05-02T17:43:17-07:00,0,44
projects/projects.js,94,js,ff8cc707,Igosain08,2025-05-02,17:43:17,-07:00,2025-05-02T17:43:17-07:00,0,71
projects/projects.js,95,js,ff8cc707,Igosain08,2025-05-02,17:43:17,-07:00,2025-05-02T17:43:17-07:00,0,54
projects/projects.js,96,js,ff8cc707,Igosain08,2025-05-02,17:43:17,-07:00,2025-05-02T17:43:17-07:00,0,0
projects/projects.js,97,js,ff8cc707,Igosain08,2025-05-02,17:43:17,-07:00,2025-05-02T17:43:17-07:00,0,2
projects/projects.js,98,js,ff8cc707,Igosain08,2025-05-02,17:43:17,-07:00,2025-05-02T17:43:17-07:00,0,2
projects/projects.js,99,js,ff8cc707,Igosain08,2025-05-02,17:43:17,-07:00,2025-05-02T17:43:17-07:00,0,0
projects/projects.js,100,js,ff8cc707,Igosain08,2025-05-02,17:43:17,-07:00,2025-05-02T17:43:17-07:00,0,21
projects/projects.js,101,js,ff8cc707,Igosain08,2025-05-02,17:43:17,-07:00,2025-05-02T17:43:17-07:00,0,25
projects/projects.js,102,js,ff8cc707,Igosain08,2025-05-02,17:43:17,-07:00,2025-05-02T17:43:17-07:00,0,5
projects/projects.js,103,js,ff8cc707,Igosain08,2025-05-02,17:43:17,-07:00,2025-05-02T17:43:17-07:00,0,12
projects/projects.js,104,js,ff8cc707,Igosain08,2025-05-02,17:43:17,-07:00,2025-05-02T17:43:17-07:00,0,39
projects/projects.js,105,js,ff8cc707,Igosain08,2025-05-02,17:43:17,-07:00,2025-05-02T17:43:17-07:00,0,77
projects/projects.js,106,js,ff8cc707,Igosain08,2025-05-02,17:43:17,-07:00,2025-05-02T17:43:17-07:00,0,70
projects/projects.js,107,js,ff8cc707,Igosain08,2025-05-02,17:43:17,-07:00,2025-05-02T17:43:17-07:00,0,2
projects/projects.js,108,js,ff8cc707,Igosain08,2025-05-02,17:43:17,-07:00,2025-05-02T17:43:17-07:00,0,0
projects/projects.js,109,js,ff8cc707,Igosain08,2025-05-02,17:43:17,-07:00,2025-05-02T17:43:17-07:00,0,0
projects/projects.js,110,js,ff8cc707,Igosain08,2025-05-02,17:43:17,-07:00,2025-05-02T17:43:17-07:00,0,0
projects/index.html,1,html,f788d9de,Igosain08,2025-04-25,20:51:50,-07:00,2025-04-25T20:51:50-07:00,0,14
projects/index.html,2,html,f788d9de,Igosain08,2025-04-25,20:51:50,-07:00,2025-04-25T20:51:50-07:00,0,15
projects/index.html,3,html,f788d9de,Igosain08,2025-04-25,20:51:50,-07:00,2025-04-25T20:51:50-07:00,0,5
projects/index.html,4,html,f788d9de,Igosain08,2025-04-25,20:51:50,-07:00,2025-04-25T20:51:50-07:00,0,23
projects/index.html,5,html,f788d9de,Igosain08,2025-04-25,20:51:50,-07:00,2025-04-25T20:51:50-07:00,0,71
projects/index.html,6,html,f788d9de,Igosain08,2025-04-25,20:51:50,-07:00,2025-04-25T20:51:50-07:00,0,38
projects/index.html,7,html,f788d9de,Igosain08,2025-04-25,20:51:50,-07:00,2025-04-25T20:51:50-07:00,0,44
projects/index.html,8,html,f788d9de,Igosain08,2025-04-25,20:51:50,-07:00,2025-04-25T20:51:50-07:00,0,6
projects/index.html,9,html,f788d9de,Igosain08,2025-04-25,20:51:50,-07:00,2025-04-25T20:51:50-07:00,0,5
projects/index.html,10,html,f788d9de,Igosain08,2025-04-25,20:51:50,-07:00,2025-04-25T20:51:50-07:00,0,0
projects/index.html,11,html,00000000,Not Committed Yet,2025-05-10,15:51:11,-07:00,2025-05-10T15:51:11-07:00,0,81
projects/index.html,12,html,ff8cc707,Igosain08,2025-05-02,17:43:17,-07:00,2025-05-02T17:43:17-07:00,0,24
projects/index.html,13,html,ff8cc707,Igosain08,2025-05-02,17:43:17,-07:00,2025-05-02T17:43:17-07:00,0,0
projects/index.html,14,html,ff8cc707,Igosain08,2025-05-02,17:43:17,-07:00,2025-05-02T17:43:17-07:00,0,22
projects/index.html,15,html,ff8cc707,Igosain08,2025-05-02,17:43:17,-07:00,2025-05-02T17:43:17-07:00,0,59
projects/index.html,16,html,ff8cc707,Igosain08,2025-05-02,17:43:17,-07:00,2025-05-02T17:43:17-07:00,0,23
projects/index.html,17,html,ff8cc707,Igosain08,2025-05-02,17:43:17,-07:00,2025-05-02T17:43:17-07:00,0,5
projects/index.html,18,html,ff8cc707,Igosain08,2025-05-02,17:43:17,-07:00,2025-05-02T17:43:17-07:00,0,5
projects/index.html,19,html,ff8cc707,Igosain08,2025-05-02,17:43:17,-07:00,2025-05-02T17:43:17-07:00,0,16
projects/index.html,20,html,ff8cc707,Igosain08,2025-05-02,17:43:17,-07:00,2025-05-02T17:43:17-07:00,0,12
projects/index.html,21,html,ff8cc707,Igosain08,2025-05-02,17:43:17,-07:00,2025-05-02T17:43:17-07:00,0,27
projects/index.html,22,html,ff8cc707,Igosain08,2025-05-02,17:43:17,-07:00,2025-05-02T17:43:17-07:00,0,32
projects/index.html,23,html,ff8cc707,Igosain08,2025-05-02,17:43:17,-07:00,2025-05-02T17:43:17-07:00,0,1
projects/index.html,24,html,f788d9de,Igosain08,2025-04-25,20:51:50,-07:00,2025-04-25T20:51:50-07:00,0,0
projects/index.html,25,html,f788d9de,Igosain08,2025-04-25,20:51:50,-07:00,2025-04-25T20:51:50-07:00,0,21
projects/index.html,26,html,f788d9de,Igosain08,2025-04-25,20:51:50,-07:00,2025-04-25T20:51:50-07:00,0,54
projects/index.html,27,html,f788d9de,Igosain08,2025-04-25,20:51:50,-07:00,2025-04-25T20:51:50-07:00,0,5
projects/index.html,28,html,ff8cc707,Igosain08,2025-05-02,17:43:17,-07:00,2025-05-02T17:43:17-07:00,0,0
projects/index.html,29,html,f788d9de,Igosain08,2025-04-25,20:51:50,-07:00,2025-04-25T20:51:50-07:00,0,0
projects/index.html,30,html,f788d9de,Igosain08,2025-04-25,20:51:50,-07:00,2025-04-25T20:51:50-07:00,0,49
projects/index.html,31,html,7d19eb67,Igosain08,2025-04-25,21:07:22,-07:00,2025-04-25T21:07:22-07:00,0,51
projects/index.html,32,html,f788d9de,Igosain08,2025-04-25,20:51:50,-07:00,2025-04-25T20:51:50-07:00,0,0
projects/index.html,33,html,f788d9de,Igosain08,2025-04-25,20:51:50,-07:00,2025-04-25T20:51:50-07:00,0,6
projects/index.html,34,html,f788d9de,Igosain08,2025-04-25,20:51:50,-07:00,2025-04-25T20:51:50-07:00,0,6
contact/index.html,1,html,f788d9de,Igosain08,2025-04-25,20:51:50,-07:00,2025-04-25T20:51:50-07:00,0,14
contact/index.html,2,html,f788d9de,Igosain08,2025-04-25,20:51:50,-07:00,2025-04-25T20:51:50-07:00,0,15
contact/index.html,3,html,f788d9de,Igosain08,2025-04-25,20:51:50,-07:00,2025-04-25T20:51:50-07:00,0,5
contact/index.html,4,html,f788d9de,Igosain08,2025-04-25,20:51:50,-07:00,2025-04-25T20:51:50-07:00,0,23
contact/index.html,5,html,f788d9de,Igosain08,2025-04-25,20:51:50,-07:00,2025-04-25T20:51:50-07:00,0,71
contact/index.html,6,html,f788d9de,Igosain08,2025-04-25,20:51:50,-07:00,2025-04-25T20:51:50-07:00,0,37
contact/index.html,7,html,f788d9de,Igosain08,2025-04-25,20:51:50,-07:00,2025-04-25T20:51:50-07:00,0,44
contact/index.html,8,html,f788d9de,Igosain08,2025-04-25,20:51:50,-07:00,2025-04-25T20:51:50-07:00,0,6
contact/index.html,9,html,f788d9de,Igosain08,2025-04-25,20:51:50,-07:00,2025-04-25T20:51:50-07:00,0,5
contact/index.html,10,html,f788d9de,Igosain08,2025-04-25,20:51:50,-07:00,2025-04-25T20:51:50-07:00,0,9
contact/index.html,11,html,f788d9de,Igosain08,2025-04-25,20:51:50,-07:00,2025-04-25T20:51:50-07:00,0,31
contact/index.html,12,html,f788d9de,Igosain08,2025-04-25,20:51:50,-07:00,2025-04-25T20:51:50-07:00,0,44
contact/index.html,13,html,f788d9de,Igosain08,2025-04-25,20:51:50,-07:00,2025-04-25T20:51:50-07:00,0,58
contact/index.html,14,html,f788d9de,Igosain08,2025-04-25,20:51:50,-07:00,2025-04-25T20:51:50-07:00,0,40
contact/index.html,15,html,f788d9de,Igosain08,2025-04-25,20:51:50,-07:00,2025-04-25T20:51:50-07:00,0,64
contact/index.html,16,html,f788d9de,Igosain08,2025-04-25,20:51:50,-07:00,2025-04-25T20:51:50-07:00,0,9
contact/index.html,17,html,f788d9de,Igosain08,2025-04-25,20:51:50,-07:00,2025-04-25T20:51:50-07:00,0,0
contact/index.html,18,html,f788d9de,Igosain08,2025-04-25,20:51:50,-07:00,2025-04-25T20:51:50-07:00,0,0
contact/index.html,19,html,f788d9de,Igosain08,2025-04-25,20:51:50,-07:00,2025-04-25T20:51:50-07:00,0,0
contact/index.html,20,html,f788d9de,Igosain08,2025-04-25,20:51:50,-07:00,2025-04-25T20:51:50-07:00,0,0
contact/index.html,21,html,f788d9de,Igosain08,2025-04-25,20:51:50,-07:00,2025-04-25T20:51:50-07:00,0,59
contact/index.html,22,html,f788d9de,Igosain08,2025-04-25,20:51:50,-07:00,2025-04-25T20:51:50-07:00,0,36
contact/index.html,23,html,f788d9de,Igosain08,2025-04-25,20:51:50,-07:00,2025-04-25T20:51:50-07:00,0,55
contact/index.html,24,html,f788d9de,Igosain08,2025-04-25,20:51:50,-07:00,2025-04-25T20:51:50-07:00,0,0
contact/index.html,25,html,f788d9de,Igosain08,2025-04-25,20:51:50,-07:00,2025-04-25T20:51:50-07:00,0,36
contact/index.html,26,html,f788d9de,Igosain08,2025-04-25,20:51:50,-07:00,2025-04-25T20:51:50-07:00,0,63
contact/index.html,27,html,f788d9de,Igosain08,2025-04-25,20:51:50,-07:00,2025-04-25T20:51:50-07:00,0,0
contact/index.html,28,html,f788d9de,Igosain08,2025-04-25,20:51:50,-07:00,2025-04-25T20:51:50-07:00,0,34
contact/index.html,29,html,f788d9de,Igosain08,2025-04-25,20:51:50,-07:00,2025-04-25T20:51:50-07:00,0,6
contact/index.html,30,html,f788d9de,Igosain08,2025-04-25,20:51:50,-07:00,2025-04-25T20:51:50-07:00,0,0
contact/index.html,31,html,f788d9de,Igosain08,2025-04-25,20:51:50,-07:00,2025-04-25T20:51:50-07:00,0,49
contact/index.html,32,html,f788d9de,Igosain08,2025-04-25,20:51:50,-07:00,2025-04-25T20:51:50-07:00,0,0
contact/index.html,33,html,f788d9de,Igosain08,2025-04-25,20:51:50,-07:00,2025-04-25T20:51:50-07:00,0,0
contact/index.html,34,html,f788d9de,Igosain08,2025-04-25,20:51:50,-07:00,2025-04-25T20:51:50-07:00,0,6
contact/index.html,35,html,f788d9de,Igosain08,2025-04-25,20:51:50,-07:00,2025-04-25T20:51:50-07:00,0,6
